iter	RMSE
0	172280.4187
1	166287.9942
2	160756.9494
3	155336.4357
4	150150.2022
5	145238.5886
6	140540.4294
7	136108.3037
8	131787.9585
9	127714.6357
10	123844.4482
11	120204.6503
12	116742
13	113433.3809
14	110147.7365
15	107092.8982
16	104194.7769
17	101525.4165
18	98832.37384
19	96378.06867
20	93991.78138
21	91801.97841
22	89624.32351
23	87606.03418
24	85513.60622
25	83542.39629
26	81644.00762
27	79916.18798
28	78258.62615
29	76567.64563
30	75017.58966
31	73396.60548
32	71949.35299
33	70524.64725
34	69233.59276
35	67974.38436
36	66780.25632
37	65600.33764
38	64536.44064
39	63542.03704
40	62539.20929
41	61629.4895
42	60679.03329
43	59778.07669
44	58964.94508
45	58150.53028
46	57387.57284
47	56660.67402
48	55976.58905
49	55335.96518
50	54717.41738
51	54143.83086
52	53604.80528
53	53107.01062
54	52601.63135
55	52173.99854
56	51729.65169
57	51311.04246
58	50812.88953
59	50355.19247
60	49936.9593
61	49551.64671
62	49148.83693
63	48844.02897
64	48509.1049
65	48215.29241
66	47887.77344
67	47631.35692
68	47376.91573
69	47082.90395
70	46838.65106
71	46621.93387
72	46378.99448
73	46061.22081
74	45789.16243
75	45569.06153
76	45331.84726
77	45129.60337
78	44964.05863
79	44786.54292
80	44600.07754
81	44392.34952
82	44219.95174
83	43928.59696
84	43734.04144
85	43543.52311
86	43390.21149
87	43216.04271
88	43068.14539
89	42946.67924
90	42817.96463
91	42702.53931
92	42604.87572
93	42455.06801
94	42345.87355
95	42208.79427
96	42110.31
97	41981.90552
98	41886.02556
99	41792.64802
100	41577.7978
101	41391.81534
102	41223.6298
103	41143.87091
104	41003.16674
105	40908.79193
106	40843.48802
107	40750.98411
108	40670.86491
109	40609.87445
110	40551.04162
111	40432.12408
112	40310.33226
113	40180.59153
114	40117.15276
115	40058.41906
116	39999.21874
117	39857.76754
118	39786.67532
119	39701.35726
120	39622.23444
121	39562.17215
122	39449.32813
123	39332.63166
124	39240.02609
125	39147.11177
126	39082.98122
127	39006.93654
128	38951.90342
129	38889.22999
130	38842.78142
131	38787.96015
132	38726.55186
133	38601.43038
134	38552.69757
135	38498.82432
136	38430.85508
137	38328.63024
138	38263.35699
139	38218.57459
140	38172.42383
141	38130.60691
142	38084.03251
143	37952.59355
144	37905.41404
145	37789.22212
146	37754.31667
147	37713.88435
148	37681.73737
149	37631.5145
150	37493.65243
151	37425.45081
152	37359.44884
153	37312.16653
154	37231.06394
155	37167.35577
156	37134.96873
157	37077.68793
158	36993.77226
159	36962.31642
160	36923.83814
161	36866.59324
162	36831.21492
163	36745.77185
164	36720.4175
165	36668.05068
166	36598.05599
167	36528.2522
168	36477.70951
169	36422.43736
170	36366.06383
171	36337.57978
172	36296.60281
173	36250.57682
174	36192.03871
175	36163.75898
176	36159.46846
177	36111.1641
178	36028.45856
179	35984.27854
180	35886.30211
181	35860.40684
182	35814.64919
183	35778.56036
184	35680.70716
185	35642.70542
186	35608.59545
187	35540.36156
188	35488.6954
189	35426.38268
190	35365.9144
191	35304.39737
192	35272.22829
193	35233.32522
194	35205.66485
195	35125.62274
196	35041.40909
197	35020.13789
198	34963.37657
199	34910.48896
200	34876.30766
201	34850.08905
202	34786.72682
203	34741.36495
204	34703.74641
205	34673.80875
206	34647.0399
207	34568.27653
208	34518.61651
209	34451.81663
210	34391.09025
211	34358.04499
212	34316.3568
213	34285.47142
214	34230.58485
215	34190.21524
216	34158.10096
217	34133.83435
218	34088.00786
219	34062.53291
220	34022.61665
221	33998.90895
222	33945.85356
223	33912.09571
224	33887.48926
225	33860.33767
226	33809.73937
227	33743.77725
228	33719.22849
229	33651.39743
230	33618.68245
231	33584.00643
232	33512.6267
233	33487.01876
234	33437.47424
235	33411.24095
236	33382.59456
237	33365.29189
238	33294.88048
239	33264.71266
240	33232.36404
241	33200.19058
242	33172.43884
243	33145.29086
244	33102.17455
245	33084.03188
246	33050.96409
247	33036.44094
248	32993.46551
249	32959.49211
250	32922.75825
251	32901.65177
252	32870.60411
253	32829.13396
254	32772.93741
255	32759.65074
256	32732.9396
257	32711.00169
258	32689.78959
259	32647.85569
260	32603.88443
261	32540.84341
262	32530.65966
263	32504.74291
264	32477.50131
265	32443.31929
266	32415.80771
267	32383.64324
268	32353.12866
269	32328.8866
270	32287.43288
271	32273.93441
272	32252.92415
273	32221.92731
274	32207.4231
275	32188.21282
276	32152.10594
277	32110.73463
278	32088.90203
279	32061.92584
280	32029.92139
281	32005.9017
282	31974.43858
283	31962.43141
284	31931.82672
285	31900.43125
286	31881.85518
287	31833.97216
288	31788.60269
289	31763.87249
290	31751.03344
291	31727.27542
292	31686.81509
293	31651.91334
294	31626.07282
295	31607.57312
296	31583.409
297	31517.79936
298	31494.58032
299	31458.57737
300	31436.99624
301	31407.9961
302	31386.38612
303	31365.39927
304	31307.85508
305	31275.36317
306	31260.36572
307	31230.79049
308	31177.99279
309	31162.01622
310	31144.86152
311	31131.31134
312	31093.65465
313	31066.27568
314	31044.62347
315	31025.11774
316	31008.61363
317	30964.5142
318	30941.27441
319	30916.18654
320	30891.02107
321	30874.42859
322	30857.50983
323	30840.6089
324	30813.64549
325	30790.64684
326	30772.19942
327	30757.2542
328	30745.0402
329	30713.62259
330	30695.04064
331	30666.39744
332	30638.26685
333	30604.70659
334	30558.76886
335	30536.02315
336	30520.05646
337	30490.1586
338	30475.1002
339	30446.26802
340	30417.52343
341	30376.56012
342	30350.1182
343	30307.87823
344	30282.25146
345	30265.03262
346	30244.03797
347	30236.20097
348	30223.68127
349	30175.19005
350	30160.47708
351	30116.35012
352	30108.45252
353	30086.62375
354	30067.05451
355	30046.73801
356	30006.98366
357	29977.32564
358	29958.72102
359	29934.30713
360	29907.20766
361	29888.338
362	29870.7683
363	29845.90346
364	29817.19593
365	29801.86228
366	29781.26156
367	29770.40707
368	29759.14086
369	29734.13261
370	29716.12175
371	29699.86802
372	29682.93553
373	29661.37149
374	29643.27129
375	29618.57382
376	29594.63559
377	29569.69307
378	29554.65599
379	29544.68947
380	29530.54619
381	29513.48755
382	29487.29893
383	29477.64536
384	29458.81207
385	29435.94229
386	29415.83446
387	29401.89523
388	29377.20338
389	29366.64135
390	29347.1765
391	29322.01055
392	29305.37116
393	29287.75301
394	29250.00282
395	29232.69803
396	29208.95469
397	29189.91289
398	29176.78959
399	29166.56049
400	29150.87837
401	29132.25265
402	29114.1157
403	29103.5464
404	29092.34392
405	29076.29398
406	29051.65359
407	29044.02523
408	29031.18901
409	29015.18404
410	28999.6696
411	28989.96129
412	28982.1089
413	28975.1415
414	28957.51367
415	28948.83379
416	28919.95504
417	28897.02519
418	28883.84495
419	28869.19891
420	28852.01852
421	28838.38738
422	28829.62984
423	28796.12906
424	28780.44346
425	28760.92947
426	28747.25526
427	28737.2695
428	28706.97243
429	28681.41971
430	28667.09637
431	28637.22326
432	28605.18043
433	28584.04031
434	28559.13256
435	28549.65026
436	28538.50671
437	28518.79597
438	28497.65374
439	28486.97606
440	28475.18474
441	28467.35164
442	28444.95135
443	28435.42446
444	28423.25312
445	28411.17652
446	28396.74026
447	28381.77488
448	28363.73733
449	28351.2167
450	28339.44677
451	28311.96019
452	28302.05716
453	28287.1729
454	28270.53256
455	28241.72574
456	28229.52632
457	28219.4148
458	28209.21871
459	28202.08419
460	28187.22068
461	28168.98099
462	28141.58236
463	28133.84598
464	28107.58878
465	28088.13323
466	28067.50466
467	28061.01672
468	28050.42926
469	28023.83695
470	28015.18156
471	28002.60615
472	27993.19018
473	27979.36109
474	27952.00719
475	27932.23343
476	27921.53051
477	27902.52248
478	27897.43286
479	27885.88294
480	27875.39706
481	27854.15786
482	27848.29061
483	27834.08155
484	27811.34399
485	27798.46268
486	27791.93144
487	27771.29787
488	27761.753
489	27746.27647
490	27733.17285
491	27723.83547
492	27717.66928
493	27700.09074
494	27670.18345
495	27659.68638
496	27649.62026
497	27637.29118
498	27622.45616
499	27618.39025
500	27597.30107
501	27591.03741
502	27577.68803
503	27556.32087
504	27546.71536
505	27538.73504
506	27532.76114
507	27520.04797
508	27502.52786
509	27489.56596
510	27479.92686
511	27468.66679
512	27462.60642
513	27453.30135
514	27447.92859
515	27439.92328
516	27430.88104
517	27416.88725
518	27410.96153
519	27390.83981
520	27384.69923
521	27367.61126
522	27354.76153
523	27345.46873
524	27331.81463
525	27325.35716
526	27302.64194
527	27281.51259
528	27273.34172
529	27259.68977
530	27252.71135
531	27241.63073
532	27233.43389
533	27226.29137
534	27217.8039
535	27201.26254
536	27192.28278
537	27180.55998
538	27161.93316
539	27151.44514
540	27134.25295
541	27126.41713
542	27119.41538
543	27112.4617
544	27095.33053
545	27081.67112
546	27069.1061
547	27057.17608
548	27052.67136
549	27045.56166
550	27028.86023
551	27012.2502
552	27003.40704
553	26997.52933
554	26988.04436
555	26984.56671
556	26973.87363
557	26955.67378
558	26947.1628
559	26937.92397
560	26930.47054
561	26913.40388
562	26903.96508
563	26894.54192
564	26887.40688
565	26879.14317
566	26873.95639
567	26860.42111
568	26854.79357
569	26847.43852
570	26840.01726
571	26829.25932
572	26823.87997
573	26812.40405
574	26804.28952
575	26795.30321
576	26787.26885
577	26776.89648
578	26766.88969
579	26758.36093
580	26747.58546
581	26738.01067
582	26723.88283
583	26707.41211
584	26698.91527
585	26688.21261
586	26675.11084
587	26659.3148
588	26653.15819
589	26643.63743
590	26638.30284
591	26632.70937
592	26625.72335
593	26620.90507
594	26612.86719
595	26592.8164
596	26576.67728
597	26563.18127
598	26547.02992
599	26539.29394
600	26532.44114
601	26527.7661
602	26513.23847
603	26506.45692
604	26492.30844
605	26480.32881
606	26471.5839
607	26465.31848
608	26459.06883
609	26447.80173
610	26442.96436
611	26426.25373
612	26422.16939
613	26418.75441
614	26400.97518
615	26387.27127
616	26378.52983
617	26370.57361
618	26363.76395
619	26355.86704
620	26347.4215
621	26342.93523
622	26336.55975
623	26327.65179
624	26320.2369
625	26314.18353
626	26294.72331
627	26286.54723
628	26277.22258
629	26265.26783
630	26260.63497
631	26251.26283
632	26246.1037
633	26242.3575
634	26233.55095
635	26230.31045
636	26224.51825
637	26213.19021
638	26208.17753
639	26201.30992
640	26195.17247
641	26188.1503
642	26174.50812
643	26167.39752
644	26155.73236
645	26140.21607
646	26134.80459
647	26124.54872
648	26116.48598
649	26107.19028
650	26096.52561
651	26086.84644
652	26079.41195
653	26069.12431
654	26062.82207
655	26054.3977
656	26048.30021
657	26045.03862
658	26032.13556
659	26027.9078
660	26023.91984
661	26016.11984
662	26005.83863
663	25997.30229
664	25986.39305
665	25978.68282
666	25968.56724
667	25962.0714
668	25958.84452
669	25950.71359
670	25940.69189
671	25934.4275
672	25927.27148
673	25918.01404
674	25911.66597
675	25903.02788
676	25890.11217
677	25886.17724
678	25880.24676
679	25872.30608
680	25863.94348
681	25857.13067
682	25849.27439
683	25843.23233
684	25835.87133
685	25828.36297
686	25824.20868
687	25815.66631
688	25803.09307
689	25799.55617
690	25796.85875
691	25785.34056
692	25776.73137
693	25771.58329
694	25764.62543
695	25756.05152
696	25750.68003
697	25739.83984
698	25730.85961
699	25725.91354
700	25714.32582
701	25708.38866
702	25703.47242
703	25696.51049
704	25686.03755
705	25677.49847
706	25671.32224
707	25664.40016
708	25651.89455
709	25644.6136
710	25640.73392
711	25635.34989
712	25621.40566
713	25613.74701
714	25604.30843
715	25593.83078
716	25583.38323
717	25580.51634
718	25573.90459
719	25563.36293
720	25559.69145
721	25550.12869
722	25544.15512
723	25537.74119
724	25534.70589
725	25531.33868
726	25525.94198
727	25519.99199
728	25514.5374
729	25503.6285
730	25499.41901
731	25493.13812
732	25480.2925
733	25474.22475
734	25466.77375
735	25459.15894
736	25456.48134
737	25451.64332
738	25445.26796
739	25429.31146
740	25420.21154
741	25413.26899
742	25396.04365
743	25389.13958
744	25377.79072
745	25362.39608
746	25357.44918
747	25353.24151
748	25343.26083
749	25339.10577
750	25333.29106
751	25329.58849
752	25323.65005
753	25316.93702
754	25312.00922
755	25298.75558
756	25290.55555
757	25283.70753
758	25270.83854
759	25261.42598
760	25249.93761
761	25244.2296
762	25239.03949
763	25232.16011
764	25217.17521
765	25209.86731
766	25205.13112
767	25197.3993
768	25189.44958
769	25184.49667
770	25179.32727
771	25170.39978
772	25160.1535
773	25153.16849
774	25150.7234
775	25144.74725
776	25139.91662
777	25132.84677
778	25127.09266
779	25124.15994
780	25114.0772
781	25099.49597
782	25089.87566
783	25085.74382
784	25081.04547
785	25074.48844
786	25067.92891
787	25063.8642
788	25058.61154
789	25048.35181
790	25037.20969
791	25029.11786
792	25019.24707
793	25013.80682
794	25006.85498
795	24998.08045
796	24993.24459
797	24981.76077
798	24969.41488
799	24960.54332
800	24955.45227
801	24947.31998
802	24943.37063
803	24933.78965
804	24923.3459
805	24912.89182
806	24906.26948
807	24898.21994
808	24888.65469
809	24884.71554
810	24876.31272
811	24871.0011
812	24864.59423
813	24859.81701
814	24855.01162
815	24849.04366
816	24844.49978
817	24839.57082
818	24833.06631
819	24828.45229
820	24817.89662
821	24814.4066
822	24806.80264
823	24803.65232
824	24800.61161
825	24795.44942
826	24790.74007
827	24786.54681
828	24779.52455
829	24770.81161
830	24765.78163
831	24760.33799
832	24753.93302
833	24749.71734
834	24739.57444
835	24729.77821
836	24720.1932
837	24715.19868
838	24706.93954
839	24701.59744
840	24696.5048
841	24688.71153
842	24679.67864
843	24675.02475
844	24665.88919
845	24659.97804
846	24653.41623
847	24648.01501
848	24643.26012
849	24634.55165
850	24628.88083
851	24622.77694
852	24613.25976
853	24608.33486
854	24601.78097
855	24596.15085
856	24590.97654
857	24582.98352
858	24577.35924
859	24569.2079
860	24564.7449
861	24556.10967
862	24548.5838
863	24545.35937
864	24539.943
865	24532.9557
866	24530.47651
867	24526.01298
868	24521.09605
869	24514.13332
870	24506.2144
871	24497.68528
872	24492.09335
873	24488.59064
874	24478.83185
875	24469.06971
876	24465.32299
877	24457.28674
878	24451.05915
879	24448.80389
880	24444.44127
881	24440.18564
882	24433.77691
883	24431.19694
884	24425.29257
885	24419.74235
886	24413.79602
887	24406.5113
888	24399.42125
889	24395.65871
890	24393.38349
891	24386.55279
892	24379.02871
893	24374.13007
894	24368.82003
895	24363.1446
896	24358.5136
897	24352.29685
898	24345.14539
899	24338.09738
900	24333.53859
901	24323.1939
902	24316.39571
903	24307.66393
904	24301.60934
905	24296.57675
906	24291.89021
907	24284.49772
908	24274.73045
909	24268.67302
910	24263.52081
911	24260.75602
912	24254.1029
913	24248.85783
914	24240.90381
915	24234.95805
916	24229.17675
917	24220.401
918	24214.11536
919	24205.68288
920	24201.64922
921	24191.44902
922	24186.6008
923	24179.44351
924	24175.00765
925	24173.09403
926	24167.04691
927	24162.79951
928	24156.36962
929	24152.64312
930	24146.9795
931	24141.96062
932	24134.93362
933	24129.83078
934	24121.38666
935	24113.41907
936	24110.07757
937	24108.2184
938	24101.89027
939	24095.57705
940	24089.67739
941	24084.52403
942	24081.02737
943	24072.55968
944	24063.48942
945	24056.82159
946	24053.35234
947	24046.66981
948	24043.27287
949	24040.69051
950	24032.28389
951	24026.75281
952	24022.61771
953	24017.65176
954	24009.59698
955	24007.87305
956	24006.20505
957	24000.39169
958	23988.90923
959	23983.50362
960	23977.06301
961	23972.46295
962	23964.18009
963	23958.56158
964	23953.69781
965	23947.76585
966	23942.52766
967	23934.62487
968	23930.66013
969	23924.67074
970	23919.13532
971	23915.25287
972	23909.46357
973	23901.37908
974	23897.02894
975	23888.50689
976	23883.10573
977	23879.32187
978	23872.71187
979	23861.11346
980	23854.70026
981	23850.4051
982	23843.32019
983	23839.49449
984	23833.62151
985	23828.10117
986	23822.93135
987	23815.80323
988	23809.80054
989	23806.79624
990	23800.43792
991	23791.99113
992	23786.46847
993	23783.42065
994	23776.14806
995	23769.19935
996	23766.85618
997	23759.73928
998	23751.44298
999	23745.54019
1000	23740.13291
1001	23737.01193
1002	23734.31645
1003	23729.3766
1004	23725.12141
1005	23721.91439
1006	23712.44397
1007	23705.47401
1008	23701.90091
1009	23696.79128
1010	23692.68814
1011	23686.98433
1012	23679.34762
1013	23668.88799
1014	23660.75692
1015	23655.5802
1016	23652.99494
1017	23645.43019
1018	23641.58852
1019	23633.94938
1020	23624.89635
1021	23619.91905
1022	23615.3854
1023	23607.41592
1024	23603.07754
1025	23596.18215
1026	23588.82119
1027	23581.54613
1028	23575.24127
1029	23570.36987
1030	23562.65901
1031	23558.1946
1032	23549.95936
1033	23545.88722
1034	23542.17565
1035	23531.96707
1036	23524.42308
1037	23520.12297
1038	23515.88082
1039	23510.00935
1040	23502.10202
1041	23496.76425
1042	23492.66137
1043	23487.97413
1044	23485.95842
1045	23481.03671
1046	23476.06545
1047	23473.48703
1048	23466.75059
1049	23458.97915
1050	23453.92192
1051	23445.95055
1052	23441.89142
1053	23438.17361
1054	23433.27439
1055	23428.79604
1056	23425.63223
1057	23420.10146
1058	23413.55659
1059	23409.8005
1060	23406.00738
1061	23396.28037
1062	23390.93009
1063	23386.25065
1064	23379.14075
1065	23376.18235
1066	23369.31584
1067	23363.32261
1068	23357.60909
1069	23351.25167
1070	23347.90381
1071	23345.15322
1072	23339.79156
1073	23331.74988
1074	23324.03898
1075	23322.79735
1076	23317.3712
1077	23312.98521
1078	23304.70302
1079	23296.3483
1080	23292.22317
1081	23288.83989
1082	23283.17808
1083	23279.63239
1084	23274.55623
1085	23269.82804
1086	23265.16482
1087	23261.08215
1088	23256.42513
1089	23253.72844
1090	23248.52992
1091	23242.42486
1092	23235.34549
1093	23231.26287
1094	23227.15253
1095	23223.07148
1096	23216.41488
1097	23213.16624
1098	23209.73441
1099	23205.79299
1100	23197.83883
1101	23192.40482
1102	23186.28058
1103	23183.18423
1104	23178.74876
1105	23173.54718
1106	23167.85056
1107	23165.00364
1108	23159.82544
1109	23157.3088
1110	23151.08555
1111	23148.30391
1112	23143.54739
1113	23136.25982
1114	23130.99568
1115	23125.73755
1116	23120.43358
1117	23115.98266
1118	23110.67077
1119	23107.37162
1120	23099.6619
1121	23094.33583
1122	23088.82978
1123	23083.95393
1124	23078.04297
1125	23075.23178
1126	23071.90598
1127	23061.88364
1128	23056.17602
1129	23050.289
1130	23045.76024
1131	23040.88706
1132	23036.60031
1133	23032.87951
1134	23028.7507
1135	23021.73684
1136	23015.138
1137	23009.31542
1138	23007.26956
1139	23003.15846
1140	22998.2408
1141	22994.73866
1142	22991.16035
1143	22987.91289
1144	22983.60647
1145	22980.43695
1146	22976.42708
1147	22969.6183
1148	22964.64418
1149	22959.3646
1150	22952.8511
1151	22949.37806
1152	22943.354
1153	22938.48917
1154	22934.21846
1155	22930.51612
1156	22919.7505
1157	22916.19584
1158	22908.71784
1159	22900.08989
1160	22894.05494
1161	22890.9447
1162	22888.75729
1163	22882.68246
1164	22876.11503
1165	22873.50541
1166	22869.17358
1167	22864.80737
1168	22860.503
1169	22855.97462
1170	22851.35124
1171	22847.19549
1172	22841.81837
1173	22836.75491
1174	22830.77684
1175	22823.63968
1176	22820.61472
1177	22813.7331
1178	22809.28809
1179	22804.6794
1180	22802.26441
1181	22798.05365
1182	22791.80129
1183	22787.59659
1184	22782.93886
1185	22779.53897
1186	22775.21177
1187	22771.40578
1188	22765.05467
1189	22760.54348
1190	22754.70947
1191	22752.16595
1192	22748.64892
1193	22740.90736
1194	22737.26779
1195	22731.80243
1196	22727.02477
1197	22723.87123
1198	22719.04085
1199	22716.63973
1200	22714.48585
1201	22710.53562
1202	22707.69509
1203	22704.99264
1204	22702.89063
1205	22697.19871
1206	22691.53306
1207	22688.06421
1208	22682.22528
1209	22676.40591
1210	22672.2623
1211	22666.99298
1212	22663.59688
1213	22660.9229
1214	22654.44504
1215	22649.32304
1216	22646.20537
1217	22636.17904
1218	22632.93534
1219	22629.58776
1220	22624.33755
1221	22622.10244
1222	22617.20108
1223	22611.69407
1224	22608.41952
1225	22599.55422
1226	22595.34866
1227	22591.9427
1228	22589.86725
1229	22584.19817
1230	22578.36754
1231	22576.66453
1232	22572.73052
1233	22568.72356
1234	22563.40078
1235	22559.20087
1236	22553.37473
1237	22547.51782
1238	22542.18936
1239	22536.36809
1240	22531.27071
1241	22528.39989
1242	22525.83634
1243	22522.92559
1244	22518.96882
1245	22512.32416
1246	22506.01022
1247	22503.19189
1248	22499.78664
1249	22498.10658
1250	22494.43595
1251	22489.68659
1252	22483.96654
1253	22480.38208
1254	22478.27213
1255	22474.20772
1256	22469.75518
1257	22467.66127
1258	22463.48469
1259	22457.16482
1260	22451.12319
1261	22447.7504
1262	22444.70155
1263	22442.89775
1264	22440.6125
1265	22436.73237
1266	22434.05557
1267	22432.36929
1268	22427.10745
1269	22423.99836
1270	22419.10622
1271	22416.25585
1272	22412.79975
1273	22409.74376
1274	22406.40685
1275	22401.54424
1276	22398.0089
1277	22393.94082
1278	22392.97434
1279	22388.51895
1280	22385.46813
1281	22383.08736
1282	22380.35103
1283	22376.26205
1284	22370.46808
1285	22365.72033
1286	22363.6063
1287	22359.09655
1288	22356.31458
1289	22353.20361
1290	22351.36222
1291	22343.55958
1292	22337.92991
1293	22333.44088
1294	22330.32115
1295	22326.15807
1296	22318.3284
1297	22316.32722
1298	22311.97829
1299	22305.33868
1300	22303.15117
1301	22295.62025
1302	22292.93047
1303	22290.36573
1304	22283.04903
1305	22276.7099
1306	22274.14654
1307	22272.34618
1308	22269.65111
1309	22267.2675
1310	22260.1405
1311	22255.75345
1312	22252.03667
1313	22250.50065
1314	22244.888
1315	22242.10529
1316	22238.36012
1317	22234.73962
1318	22230.98321
1319	22225.08877
1320	22221.03935
1321	22216.75402
1322	22213.18032
1323	22207.68832
1324	22203.48991
1325	22201.55739
1326	22197.50634
1327	22192.35284
1328	22189.94739
1329	22183.47317
1330	22177.74993
1331	22173.79938
1332	22169.82844
1333	22167.55234
1334	22166.51963
1335	22160.70939
1336	22156.83744
1337	22153.86342
1338	22149.89066
1339	22148.8456
1340	22146.26292
1341	22142.05989
1342	22138.37925
1343	22135.98348
1344	22130.31098
1345	22123.88399
1346	22119.89719
1347	22116.16174
1348	22111.03041
1349	22105.67271
1350	22101.11521
1351	22096.57784
1352	22092.21074
1353	22086.64345
1354	22082.49993
1355	22079.1782
1356	22075.52412
1357	22072.58955
1358	22067.46004
1359	22062.26827
1360	22058.01126
1361	22055.18709
1362	22047.42545
1363	22037.29605
1364	22035.09154
1365	22030.74205
1366	22027.57497
1367	22022.90562
1368	22020.08029
1369	22016.96324
1370	22013.1846
1371	22009.12895
1372	22005.39562
1373	22000.57133
1374	21997.01987
1375	21994.89789
1376	21990.9694
1377	21987.76338
1378	21983.31294
1379	21980.40997
1380	21978.01051
1381	21972.78353
1382	21970.1984
1383	21967.74598
1384	21962.18406
1385	21957.05357
1386	21954.77952
1387	21952.46897
1388	21949.10877
1389	21945.59476
1390	21942.00611
1391	21937.80708
1392	21932.72756
1393	21925.98509
1394	21919.92363
1395	21917.16705
1396	21911.92268
1397	21907.76183
1398	21902.13802
1399	21898.74296
1400	21893.48258
1401	21889.8322
1402	21886.44851
1403	21882.9613
1404	21879.05147
1405	21876.31244
1406	21872.38806
1407	21867.45184
1408	21865.35431
1409	21860.49054
1410	21855.59232
1411	21851.71435
1412	21846.2222
1413	21843.85807
1414	21840.50537
1415	21836.64099
1416	21833.6921
1417	21829.33187
1418	21824.1417
1419	21820.11414
1420	21813.28694
1421	21810.25716
1422	21806.42845
1423	21804.63627
1424	21802.88907
1425	21798.27142
1426	21794.84245
1427	21790.20063
1428	21786.89172
1429	21782.88019
1430	21779.24946
1431	21773.46122
1432	21771.05418
1433	21761.08054
1434	21758.28262
1435	21754.0724
1436	21753.5265
1437	21750.44708
1438	21746.42178
1439	21744.01772
1440	21741.70434
1441	21738.87735
1442	21734.89648
1443	21731.18408
1444	21727.77099
1445	21722.68
1446	21719.69605
1447	21717.1913
1448	21713.41495
1449	21710.56606
1450	21705.88366
1451	21703.7216
1452	21700.52965
1453	21696.86917
1454	21694.73386
1455	21690.16413
1456	21683.04337
1457	21679.92544
1458	21672.51308
1459	21668.87917
1460	21665.46717
1461	21658.63595
1462	21655.98138
1463	21653.04704
1464	21649.92832
1465	21648.08839
1466	21645.07663
1467	21639.66785
1468	21637.08055
1469	21633.04192
1470	21631.30755
1471	21628.49722
1472	21626.81332
1473	21622.59983
1474	21619.98868
1475	21617.34462
1476	21614.20205
1477	21609.48482
1478	21606.54758
1479	21602.59837
1480	21600.89695
1481	21597.09035
1482	21594.35146
1483	21590.36991
1484	21586.90404
1485	21584.52297
1486	21580.89474
1487	21578.25111
1488	21572.76243
1489	21570.52247
1490	21568.46608
1491	21562.13108
1492	21559.88815
1493	21556.30525
1494	21554.95328
1495	21550.85161
1496	21548.68801
1497	21547.07704
1498	21544.19584
1499	21540.455
1500	21536.08522
1501	21534.08552
1502	21532.81171
1503	21529.1082
1504	21526.50228
1505	21521.32166
1506	21516.47244
1507	21513.21425
1508	21505.07608
1509	21503.16723
1510	21498.15569
1511	21494.01097
1512	21488.98697
1513	21482.65714
1514	21479.31727
1515	21475.27749
1516	21470.62621
1517	21467.1112
1518	21462.22115
1519	21458.18915
1520	21452.79823
1521	21448.44506
1522	21446.59252
1523	21442.79687
1524	21438.47561
1525	21436.88922
1526	21432.84127
1527	21429.90073
1528	21427.55196
1529	21424.79281
1530	21418.61492
1531	21414.27373
1532	21409.19043
1533	21408.12853
1534	21403.9197
1535	21400.42532
1536	21397.25884
1537	21395.53077
1538	21391.52287
1539	21386.39325
1540	21384.24354
1541	21381.44095
1542	21379.51306
1543	21374.35393
1544	21371.22245
1545	21368.16075
1546	21365.38468
1547	21360.57906
1548	21354.25618
1549	21351.90875
1550	21347.68889
1551	21342.00346
1552	21335.88086
1553	21333.99697
1554	21329.66647
1555	21325.44917
1556	21323.9817
1557	21319.34931
1558	21316.44788
1559	21314.34101
1560	21312.48096
1561	21306.09366
1562	21303.28722
1563	21299.62607
1564	21295.26477
1565	21291.1141
1566	21288.13179
1567	21281.85711
1568	21278.52065
1569	21275.60402
1570	21273.48614
1571	21270.862
1572	21269.48321
1573	21266.19129
1574	21265.17869
1575	21260.32622
1576	21255.24654
1577	21253.0517
1578	21246.11067
1579	21242.19511
1580	21239.72501
1581	21232.97817
1582	21228.88325
1583	21225.67545
1584	21224.44519
1585	21221.73545
1586	21219.02502
1587	21215.60334
1588	21213.34406
1589	21209.84105
1590	21206.89772
1591	21203.99458
1592	21200.82554
1593	21197.55289
1594	21193.35398
1595	21185.33732
1596	21183.40282
1597	21177.90937
1598	21175.29499
1599	21173.30136
1600	21170.57737
1601	21166.51201
1602	21163.94563
1603	21160.53124
1604	21156.66913
1605	21151.51036
1606	21147.50284
1607	21145.90184
1608	21141.81556
1609	21135.77405
1610	21132.19991
1611	21128.84025
1612	21126.6524
1613	21122.55328
1614	21120.49411
1615	21115.14019
1616	21113.01483
1617	21110.87382
1618	21106.22744
1619	21101.41216
1620	21096.94607
1621	21094.06451
1622	21091.76342
1623	21089.66545
1624	21084.38332
1625	21078.77323
1626	21076.5051
1627	21071.76207
1628	21066.35329
1629	21065.28393
1630	21062.08381
1631	21057.58536
1632	21056.0753
1633	21049.48394
1634	21044.48341
1635	21041.67169
1636	21040.03
1637	21037.1663
1638	21035.02723
1639	21032.99391
1640	21029.86609
1641	21026.4503
1642	21023.13757
1643	21017.41799
1644	21015.91308
1645	21014.54969
1646	21010.85681
1647	21005.53782
1648	21001.51909
1649	20998.34135
1650	20993.54499
1651	20990.22589
1652	20986.27991
1653	20981.61877
1654	20977.90733
1655	20973.12635
1656	20971.18673
1657	20967.95203
1658	20960.96245
1659	20954.94476
1660	20954.03107
1661	20952.66973
1662	20947.84591
1663	20943.6731
1664	20940.17772
1665	20937.55593
1666	20935.86449
1667	20932.79514
1668	20927.91527
1669	20926.03588
1670	20921.15592
1671	20918.93623
1672	20915.0564
1673	20912.91293
1674	20909.54831
1675	20906.01592
1676	20903.33978
1677	20897.87277
1678	20895.2426
1679	20892.74671
1680	20889.29767
1681	20886.8846
1682	20883.21211
1683	20878.93194
1684	20873.93575
1685	20872.09344
1686	20868.10934
1687	20866.41389
1688	20861.86832
1689	20857.26947
1690	20853.0597
1691	20850.94594
1692	20847.68381
1693	20843.98477
1694	20841.46728
1695	20839.13284
1696	20836.90063
1697	20834.09728
1698	20831.22479
1699	20828.23275
1700	20826.29989
1701	20823.76275
1702	20820.44067
1703	20817.2867
1704	20812.75916
1705	20809.3664
1706	20806.033
1707	20801.97
1708	20799.66032
1709	20795.39173
1710	20791.79279
1711	20788.5818
1712	20787.39295
1713	20784.90431
1714	20781.62941
1715	20775.15664
1716	20771.6887
1717	20766.28701
1718	20762.92739
1719	20759.95832
1720	20756.90282
1721	20753.93611
1722	20751.57057
1723	20748.67354
1724	20746.16159
1725	20742.62715
1726	20740.39103
1727	20737.67154
1728	20732.75064
1729	20730.39261
1730	20728.90299
1731	20727.85963
1732	20723.32823
1733	20717.59412
1734	20714.73158
1735	20711.94064
1736	20708.52809
1737	20704.97666
1738	20703.57
1739	20700.16704
1740	20697.91136
1741	20694.65331
1742	20688.47155
1743	20685.99646
1744	20682.93355
1745	20680.82674
1746	20677.47951
1747	20674.75212
1748	20670.83157
1749	20667.49634
1750	20663.22595
1751	20659.3135
1752	20655.90244
1753	20653.47588
1754	20652.97681
1755	20649.43717
1756	20645.44303
1757	20641.15116
1758	20638.43992
1759	20635.81108
1760	20630.16419
1761	20627.97826
1762	20625.68317
1763	20623.44272
1764	20620.87124
1765	20616.88059
1766	20613.76955
1767	20610.86751
1768	20608.33759
1769	20604.47904
1770	20601.06712
1771	20598.26733
1772	20596.59628
1773	20594.95102
1774	20590.69705
1775	20588.792
1776	20585.53061
1777	20581.49334
1778	20576.34705
1779	20574.86157
1780	20569.0929
1781	20567.08472
1782	20563.70763
1783	20561.8785
1784	20559.74618
1785	20556.9399
1786	20553.323
1787	20550.00388
1788	20547.77354
1789	20546.77675
1790	20545.202
1791	20542.81647
1792	20538.48781
1793	20534.97095
1794	20531.12465
1795	20528.22891
1796	20526.46711
1797	20523.58722
1798	20519.70871
1799	20516.59343
1800	20511.18703
1801	20508.18761
1802	20506.92328
1803	20504.33307
1804	20500.04909
1805	20496.81549
1806	20495.21779
1807	20493.25404
1808	20491.32691
1809	20489.6672
1810	20487.31888
1811	20484.32333
1812	20478.67801
1813	20476.81451
1814	20475.6103
1815	20472.57776
1816	20470.1352
1817	20465.241
1818	20461.98432
1819	20457.60982
1820	20455.36657
1821	20450.59965
1822	20448.12131
1823	20445.96978
1824	20443.56152
1825	20438.2628
1826	20436.00658
1827	20434.62015
1828	20432.88112
1829	20429.43204
1830	20428.33683
1831	20424.57222
1832	20421.17952
1833	20418.25863
1834	20417.60265
1835	20415.15512
1836	20413.38268
1837	20409.0932
1838	20406.94389
1839	20405.15811
1840	20403.20053
1841	20399.94084
1842	20397.42299
1843	20393.62643
1844	20390.09851
1845	20387.38428
1846	20383.47812
1847	20380.21881
1848	20375.57926
1849	20373.80386
1850	20372.35547
1851	20366.85951
1852	20364.85305
1853	20363.57284
1854	20358.89736
1855	20356.13331
1856	20351.27239
1857	20344.49675
1858	20341.75608
1859	20337.60864
1860	20332.90456
1861	20330.83944
1862	20327.61674
1863	20324.53166
1864	20321.95793
1865	20319.9103
1866	20316.99147
1867	20314.23346
1868	20310.83239
1869	20309.12672
1870	20305.58361
1871	20302.44257
1872	20299.21461
1873	20294.60953
1874	20291.1779
1875	20289.30814
1876	20287.33339
1877	20285.4633
1878	20282.73184
1879	20281.73825
1880	20279.50923
1881	20277.43399
1882	20272.88544
1883	20269.68888
1884	20265.84262
1885	20262.86144
1886	20257.64509
1887	20253.63035
1888	20250.18947
1889	20247.72788
1890	20243.41646
1891	20240.65304
1892	20237.44018
1893	20231.71566
1894	20229.22659
1895	20227.00824
1896	20223.47127
1897	20219.15811
1898	20216.88702
1899	20211.83093
1900	20209.56389
1901	20207.66594
1902	20206.43659
1903	20204.3626
1904	20203.07645
1905	20200.3169
1906	20197.04971
1907	20194.24436
1908	20191.18142
1909	20187.57472
1910	20184.49837
1911	20183.13233
1912	20181.45726
1913	20178.81421
1914	20176.50249
1915	20174.1735
1916	20170.41985
1917	20166.06096
1918	20164.09197
1919	20160.87021
1920	20158.63069
1921	20155.18175
1922	20153.42292
1923	20150.65846
1924	20148.3565
1925	20146.00841
1926	20143.29339
1927	20142.31242
1928	20139.14282
1929	20135.39225
1930	20132.6359
1931	20131.5476
1932	20129.66562
1933	20127.72424
1934	20125.63681
1935	20122.75533
1936	20120.97261
1937	20117.45518
1938	20114.71954
1939	20112.40019
1940	20110.54817
1941	20106.97502
1942	20105.39296
1943	20103.84929
1944	20102.30674
1945	20100.44157
1946	20095.97601
1947	20093.5348
1948	20091.8337
1949	20089.61291
1950	20084.81197
1951	20083.05631
1952	20081.24083
1953	20077.5396
1954	20075.81245
1955	20074.8975
1956	20072.78855
1957	20068.73294
1958	20066.30488
1959	20062.72395
1960	20059.88366
1961	20055.77475
1962	20052.00208
1963	20049.89379
1964	20045.92703
1965	20043.72435
1966	20042.49802
1967	20037.34195
1968	20036.33929
1969	20033.96773
1970	20029.56235
1971	20026.14512
1972	20022.43604
1973	20018.75922
1974	20016.60088
1975	20012.57315
1976	20011.11145
1977	20009.37497
1978	20004.9684
1979	20002.40907
1980	19999.36957
1981	19994.76661
1982	19993.58361
1983	19992.3831
1984	19989.93871
1985	19987.21973
1986	19985.09162
1987	19980.91636
1988	19977.26273
1989	19973.98711
1990	19971.70698
1991	19969.70268
1992	19965.15119
1993	19961.42351
1994	19955.16592
1995	19952.78659
1996	19950.06492
1997	19946.08697
1998	19945.42017
1999	19941.6697
2000	19936.28416
2001	19933.7111
2002	19930.0236
2003	19928.36841
2004	19924.9399
2005	19921.14883
2006	19919.85865
2007	19918.76492
2008	19915.46223
2009	19913.19021
2010	19911.57708
2011	19909.45244
2012	19907.82653
2013	19906.2425
2014	19904.80214
2015	19902.06442
2016	19899.28225
2017	19896.71237
2018	19894.06819
2019	19890.91022
2020	19887.94788
2021	19886.41406
2022	19884.79834
2023	19882.69703
2024	19879.20303
2025	19874.94296
2026	19871.97201
2027	19868.8196
2028	19867.49293
2029	19866.38038
2030	19864.34551
2031	19861.53004
2032	19859.62914
2033	19855.03693
2034	19853.9479
2035	19850.03772
2036	19847.79141
2037	19845.65924
2038	19841.31309
2039	19840.32991
2040	19838.54175
2041	19835.60128
2042	19832.6197
2043	19831.38095
2044	19828.34314
2045	19826.63251
2046	19824.21593
2047	19821.32813
2048	19818.72525
2049	19816.07342
2050	19814.05594
2051	19810.59828
2052	19807.16925
2053	19805.14034
2054	19804.39009
2055	19802.28616
2056	19799.65408
2057	19796.85546
2058	19795.0253
2059	19792.44261
2060	19789.06545
2061	19785.72501
2062	19784.15623
2063	19781.94205
2064	19779.88004
2065	19778.4824
2066	19776.85975
2067	19773.96822
2068	19770.59516
2069	19768.30969
2070	19766.8507
2071	19763.00501
2072	19759.05628
2073	19755.06705
2074	19753.07022
2075	19749.90807
2076	19747.8294
2077	19745.33841
2078	19744.64321
2079	19742.8042
2080	19737.48249
2081	19735.49992
2082	19730.67979
2083	19726.10482
2084	19724.16248
2085	19722.99943
2086	19721.41337
2087	19717.74787
2088	19713.79084
2089	19712.52822
2090	19710.5114
2091	19706.04018
2092	19703.72406
2093	19701.62236
2094	19700.16826
2095	19697.10618
2096	19694.32957
2097	19692.53584
2098	19690.99759
2099	19689.2774
2100	19687.17257
2101	19684.64882
2102	19681.90899
2103	19679.81063
2104	19676.56262
2105	19673.18188
2106	19671.61183
2107	19667.98362
2108	19666.2647
2109	19664.56549
2110	19663.71159
2111	19662.02385
2112	19659.23146
2113	19653.83651
2114	19652.66591
2115	19650.41322
2116	19647.4378
2117	19645.92751
2118	19644.30524
2119	19641.29175
2120	19639.52912
2121	19637.71099
2122	19634.99488
2123	19633.11454
2124	19628.87334
2125	19625.30919
2126	19623.60365
2127	19620.23022
2128	19618.48432
2129	19613.93016
2130	19611.03922
2131	19607.15677
2132	19604.08946
2133	19600.96602
2134	19599.39902
2135	19597.28724
2136	19595.27154
2137	19592.7391
2138	19588.57227
2139	19586.81314
2140	19584.70459
2141	19581.08924
2142	19577.14111
2143	19574.13957
2144	19573.18884
2145	19571.95449
2146	19571.24923
2147	19569.72771
2148	19568.76623
2149	19564.52073
2150	19561.48746
2151	19558.88592
2152	19556.73456
2153	19553.95296
2154	19552.86084
2155	19549.81249
2156	19548.66985
2157	19546.1398
2158	19544.1513
2159	19539.9548
2160	19537.20588
2161	19531.94841
2162	19527.97459
2163	19523.9422
2164	19521.77623
2165	19519.0826
2166	19513.87136
2167	19508.47125
2168	19505.94524
2169	19501.68652
2170	19499.67053
2171	19497.57772
2172	19493.41477
2173	19491.60953
2174	19491.03859
2175	19488.66316
2176	19483.74247
2177	19480.6958
2178	19478.46096
2179	19475.65999
2180	19474.2637
2181	19468.88247
2182	19463.45522
2183	19461.02803
2184	19459.20309
2185	19455.63406
2186	19454.39416
2187	19451.36725
2188	19448.01093
2189	19445.187
2190	19444.00133
2191	19442.27641
2192	19439.50889
2193	19434.9332
2194	19430.80555
2195	19426.93843
2196	19424.6333
2197	19422.45563
2198	19420.12493
2199	19416.25916
2200	19413.59616
2201	19410.99212
2202	19409.02105
2203	19406.27301
2204	19405.27594
2205	19403.97316
2206	19400.65758
2207	19396.86429
2208	19393.20513
2209	19391.98332
2210	19388.53498
2211	19386.37234
2212	19382.90143
2213	19378.96546
2214	19376.07809
2215	19373.71997
2216	19372.09175
2217	19370.69871
2218	19369.35291
2219	19367.24798
2220	19366.51629
2221	19364.19464
2222	19362.99924
2223	19361.18358
2224	19357.62504
2225	19355.99397
2226	19352.88579
2227	19350.82555
2228	19348.84642
2229	19347.61944
2230	19346.20293
2231	19343.27046
2232	19340.95093
2233	19338.78675
2234	19336.26281
2235	19333.87654
2236	19330.49963
2237	19330.11583
2238	19325.74343
2239	19322.89229
2240	19319.84327
2241	19318.42064
2242	19316.39233
2243	19314.48185
2244	19312.94914
2245	19312.05659
2246	19308.68129
2247	19308.01561
2248	19304.50484
2249	19302.80416
2250	19300.65334
2251	19296.95695
2252	19292.7772
2253	19290.53335
2254	19287.77049
2255	19284.68427
2256	19280.86027
2257	19278.82866
2258	19274.58515
2259	19271.97979
2260	19267.72805
2261	19264.37876
2262	19260.06627
2263	19258.27413
2264	19256.76752
2265	19255.18319
2266	19254.10179
2267	19250.47773
2268	19248.41262
2269	19246.46861
2270	19245.15593
2271	19243.47174
2272	19238.85196
2273	19237.00142
2274	19235.8652
2275	19233.35683
2276	19230.62636
2277	19228.83402
2278	19225.78659
2279	19222.43775
2280	19220.31732
2281	19217.67348
2282	19215.92764
2283	19212.86241
2284	19209.91944
2285	19207.23748
2286	19206.22897
2287	19204.39099
2288	19199.70094
2289	19196.91501
2290	19195.12516
2291	19191.7092
2292	19191.08895
2293	19186.01955
2294	19184.47962
2295	19180.92508
2296	19179.76621
2297	19178.94562
2298	19177.36588
2299	19174.20677
2300	19172.97189
2301	19171.43487
2302	19169.09519
2303	19164.34671
2304	19160.8135
2305	19159.34075
2306	19156.86644
2307	19151.73741
2308	19149.81025
2309	19147.14006
2310	19145.69434
2311	19144.4603
2312	19142.62872
2313	19139.73253
2314	19138.17651
2315	19132.93839
2316	19128.47649
2317	19125.70822
2318	19123.34225
2319	19120.03606
2320	19117.41166
2321	19114.48739
2322	19111.44306
2323	19108.22835
2324	19105.46325
2325	19102.44625
2326	19100.49127
2327	19099.05963
2328	19097.10146
2329	19095.7189
2330	19094.04425
2331	19092.00536
2332	19090.28279
2333	19089.13
2334	19086.29083
2335	19083.34064
2336	19079.15273
2337	19075.95746
2338	19074.22552
2339	19072.08074
2340	19069.2251
2341	19066.59331
2342	19064.79108
2343	19061.43157
2344	19058.05703
2345	19055.84025
2346	19053.76911
2347	19051.25344
2348	19049.12279
2349	19048.07606
2350	19046.71278
2351	19045.32374
2352	19044.14426
2353	19042.27518
2354	19040.07969
2355	19037.84146
2356	19033.69708
2357	19030.49283
2358	19028.79469
2359	19026.47804
2360	19022.04652
2361	19016.65135
2362	19015.08555
2363	19013.67398
2364	19012.42014
2365	19010.40353
2366	19007.96848
2367	19005.05096
2368	19003.13317
2369	19000.44762
2370	18998.14464
2371	18995.7095
2372	18991.62703
2373	18988.10293
2374	18983.37969
2375	18981.44306
2376	18980.32718
2377	18979.20751
2378	18976.08282
2379	18974.21423
2380	18971.41934
2381	18969.46502
2382	18967.92894
2383	18966.21441
2384	18964.00495
2385	18962.7002
2386	18961.65611
2387	18959.53531
2388	18958.09119
2389	18955.66525
2390	18951.50248
2391	18948.18372
2392	18945.39031
2393	18944.34766
2394	18941.8806
2395	18940.05781
2396	18938.2914
2397	18935.97012
2398	18934.32568
2399	18932.0231
2400	18929.06962
2401	18927.95304
2402	18926.29483
2403	18924.72473
2404	18921.02585
2405	18919.42889
2406	18917.32589
2407	18914.51218
2408	18911.61029
2409	18910.64508
2410	18908.44578
2411	18906.58119
2412	18903.02675
2413	18900.99901
2414	18899.66218
2415	18897.00632
2416	18895.40484
2417	18891.33406
2418	18888.20032
2419	18886.71447
2420	18882.46177
2421	18881.2076
2422	18878.22552
2423	18874.56108
2424	18872.95361
2425	18871.44228
2426	18869.37248
2427	18867.67829
2428	18864.20655
2429	18862.78162
2430	18859.31524
2431	18856.55371
2432	18853.58342
2433	18851.34265
2434	18848.80101
2435	18846.5582
2436	18844.3344
2437	18841.49464
2438	18839.88151
2439	18836.46758
2440	18833.89783
2441	18831.96203
2442	18828.66995
2443	18827.44995
2444	18826.25306
2445	18824.96549
2446	18822.19715
2447	18820.48263
2448	18818.66697
2449	18817.50783
2450	18815.86173
2451	18813.51126
2452	18811.41708
2453	18809.23394
2454	18808.24434
2455	18806.98753
2456	18806.14846
2457	18804.89724
2458	18803.14967
2459	18801.9536
2460	18800.38324
2461	18797.53193
2462	18796.63942
2463	18794.0189
2464	18791.50076
2465	18790.52632
2466	18787.74722
2467	18786.16721
2468	18785.62886
2469	18782.92378
2470	18782.20913
2471	18780.513
2472	18776.26586
2473	18774.77594
2474	18772.22122
2475	18770.86711
2476	18768.95099
2477	18767.98861
2478	18765.63461
2479	18764.48043
2480	18763.34223
2481	18759.3386
2482	18755.03487
2483	18751.98656
2484	18751.27915
2485	18748.85195
2486	18746.78675
2487	18745.28542
2488	18743.40474
2489	18740.1222
2490	18736.14705
2491	18735.08838
2492	18732.20613
2493	18729.10809
2494	18728.07278
2495	18725.7518
2496	18721.79201
2497	18717.91431
2498	18715.79706
2499	18713.71806
