year,institution,enrolment,intake,intake_rate
1982,ite,10303.0,8623.0,83.69406968844027
1982,lasalle_degree,,,
1982,lasalle_diploma,,,
1982,nafa_degree,,,
1982,nafa_diploma,,,
1982,nanyang_polytechnic,,,
1982,ngee_ann_polytechnic,3660.0,1614.0,44.09836065573771
1982,nie,1000.0,888.0,88.8
1982,ntu,582.0,582.0,100.0
1982,nus,11093.0,3937.0,35.49085008563959
1982,republic_polytechnic,,,
1982,singapore_polytechnic,5339.0,2095.0,39.23955796965724
1982,sit,,,
1982,smu,,,
1982,suss,,,
1982,sutd,,,
1982,temasek_polytechnic,,,
1983,ite,10664.0,8881.0,83.2801950487622
1983,lasalle_degree,,,
1983,lasalle_diploma,,,
1983,nafa_degree,,,
1983,nafa_diploma,,,
1983,nanyang_polytechnic,,,
1983,ngee_ann_polytechnic,4825.0,2250.0,46.63212435233161
1983,nie,1078.0,678.0,62.894248608534326
1983,ntu,1267.0,702.0,55.406471981057614
1983,nus,11939.0,4161.0,34.85216517296256
1983,republic_polytechnic,,,
1983,singapore_polytechnic,6136.0,2597.0,42.32398956975228
1983,sit,,,
1983,smu,,,
1983,suss,,,
1983,sutd,,,
1983,temasek_polytechnic,,,
1984,ite,9419.0,6426.0,68.22380295148105
1984,lasalle_degree,,,
1984,lasalle_diploma,,,
1984,nafa_degree,,,
1984,nafa_diploma,,,
1984,nanyang_polytechnic,,,
1984,ngee_ann_polytechnic,6919.0,3405.0,49.21231391819627
1984,nie,776.0,595.0,76.67525773195877
1984,ntu,1945.0,690.0,35.47557840616967
1984,nus,12721.0,4441.0,34.91077745460262
1984,republic_polytechnic,,,
1984,singapore_polytechnic,7129.0,2993.0,41.98344788890447
1984,sit,,,
1984,smu,,,
1984,suss,,,
1984,sutd,,,
1984,temasek_polytechnic,,,
1985,ite,13890.0,11891.0,85.60835133189345
1985,lasalle_degree,,,
1985,lasalle_diploma,,,
1985,nafa_degree,,,
1985,nafa_diploma,,,
1985,nanyang_polytechnic,,,
1985,ngee_ann_polytechnic,8516.0,3912.0,45.937059652418974
1985,nie,1166.0,945.0,81.04631217838765
1985,ntu,2078.0,708.0,34.07122232916266
1985,nus,13617.0,4654.0,34.17786590291547
1985,republic_polytechnic,,,
1985,singapore_polytechnic,7894.0,3021.0,38.269571826703825
1985,sit,,,
1985,smu,,,
1985,suss,,,
1985,sutd,,,
1985,temasek_polytechnic,,,
1986,ite,14666.0,11171.0,76.16937133506069
1986,lasalle_degree,,,
1986,lasalle_diploma,,,
1986,nafa_degree,,,
1986,nafa_diploma,,,
1986,nanyang_polytechnic,,,
1986,ngee_ann_polytechnic,9617.0,3754.0,39.03504211292503
1986,nie,1331.0,1059.0,79.56423741547708
1986,ntu,2202.0,796.0,36.14895549500454
1986,nus,14150.0,4897.0,34.6077738515901
1986,republic_polytechnic,,,
1986,singapore_polytechnic,8099.0,2872.0,35.46116804543771
1986,sit,,,
1986,smu,,,
1986,suss,,,
1986,sutd,,,
1986,temasek_polytechnic,,,
1987,ite,16539.0,13397.0,81.00247898905617
1987,lasalle_degree,,,
1987,lasalle_diploma,,,
1987,nafa_degree,,,
1987,nafa_diploma,,,
1987,nanyang_polytechnic,,,
1987,ngee_ann_polytechnic,10237.0,3903.0,38.12640421998633
1987,nie,1306.0,882.0,67.53445635528331
1987,ntu,3940.0,1423.0,36.11675126903553
1987,nus,13238.0,4486.0,33.88729415319535
1987,republic_polytechnic,,,
1987,singapore_polytechnic,9193.0,3719.0,40.45469378875231
1987,sit,,,
1987,smu,,,
1987,suss,,,
1987,sutd,,,
1987,temasek_polytechnic,,,
1988,ite,17643.0,12509.0,70.90064048064389
1988,lasalle_degree,,,
1988,lasalle_diploma,,,
1988,nafa_degree,,,
1988,nafa_diploma,,,
1988,nanyang_polytechnic,,,
1988,ngee_ann_polytechnic,10448.0,3698.0,35.39433384379785
1988,nie,1058.0,759.0,71.73913043478261
1988,ntu,4400.0,1615.0,36.70454545454545
1988,nus,14317.0,5337.0,37.27736257595865
1988,republic_polytechnic,,,
1988,singapore_polytechnic,9709.0,3512.0,36.172623339169846
1988,sit,,,
1988,smu,,,
1988,suss,,,
1988,sutd,,,
1988,temasek_polytechnic,,,
1989,ite,17353.0,9982.0,57.523194836627674
1989,lasalle_degree,,,
1989,lasalle_diploma,,,
1989,nafa_degree,,,
1989,nafa_diploma,,,
1989,nanyang_polytechnic,,,
1989,ngee_ann_polytechnic,11341.0,4421.0,38.982453046468564
1989,nie,1337.0,1074.0,80.32909498878085
1989,ntu,5475.0,1328.0,24.255707762557076
1989,nus,14645.0,5059.0,34.54421304199386
1989,republic_polytechnic,,,
1989,singapore_polytechnic,10620.0,3944.0,37.13747645951036
1989,sit,,,
1989,smu,,,
1989,suss,,,
1989,sutd,,,
1989,temasek_polytechnic,,,
1990,ite,15919.0,9221.0,57.92449274451913
1990,lasalle_degree,,,
1990,lasalle_diploma,,,
1990,nafa_degree,,,
1990,nafa_diploma,,,
1990,nanyang_polytechnic,,,
1990,ngee_ann_polytechnic,11995.0,4453.0,37.123801583993334
1990,nie,1577.0,1185.0,75.142675967026
1990,ntu,6812.0,1875.0,27.524955960070464
1990,nus,15193.0,5053.0,33.2587375765155
1990,republic_polytechnic,,,
1990,singapore_polytechnic,11348.0,4336.0,38.20937610151569
1990,sit,,,
1990,smu,,,
1990,suss,,,
1990,sutd,,,
1990,temasek_polytechnic,735.0,735.0,100.0
1991,ite,15326.0,8969.0,58.521466788464046
1991,lasalle_degree,,,
1991,lasalle_diploma,,,
1991,nafa_degree,,,
1991,nafa_diploma,,,
1991,nanyang_polytechnic,,,
1991,ngee_ann_polytechnic,12759.0,4508.0,35.3319225644643
1991,nie,1676.0,1236.0,73.74701670644392
1991,ntu,8712.0,2635.0,30.245638200183656
1991,nus,14597.0,4304.0,29.485510721381107
1991,republic_polytechnic,,,
1991,singapore_polytechnic,12327.0,4577.0,37.129877504664556
1991,sit,,,
1991,smu,,,
1991,suss,,,
1991,sutd,,,
1991,temasek_polytechnic,1472.0,873.0,59.307065217391305
1992,ite,14975.0,8743.0,58.383973288814694
1992,lasalle_degree,,,
1992,lasalle_diploma,,,
1992,nafa_degree,,,
1992,nafa_diploma,,,
1992,nanyang_polytechnic,699.0,699.0,100.0
1992,ngee_ann_polytechnic,13330.0,4831.0,36.241560390097526
1992,nie,1559.0,1048.0,67.22257857601026
1992,ntu,9900.0,3004.0,30.343434343434343
1992,nus,14922.0,4541.0,30.431577536523253
1992,republic_polytechnic,,,
1992,singapore_polytechnic,13257.0,4911.0,37.04458022176963
1992,sit,,,
1992,smu,,,
1992,suss,,,
1992,sutd,,,
1992,temasek_polytechnic,2268.0,957.0,42.195767195767196
1993,ite,14903.0,8195.0,54.988928403677114
1993,lasalle_degree,,,
1993,lasalle_diploma,,,
1993,nafa_degree,,,
1993,nafa_diploma,,,
1993,nanyang_polytechnic,3944.0,2342.0,59.38133874239351
1993,ngee_ann_polytechnic,13353.0,4534.0,33.954916498165204
1993,nie,1700.0,1347.0,79.23529411764706
1993,ntu,10410.0,3297.0,31.671469740634006
1993,nus,15395.0,4716.0,30.633322507307568
1993,republic_polytechnic,,,
1993,singapore_polytechnic,13578.0,4723.0,34.784209751067905
1993,sit,,,
1993,smu,,,
1993,suss,,,
1993,sutd,,,
1993,temasek_polytechnic,3107.0,1514.0,48.72867718056003
1994,ite,12254.0,5806.0,47.380447200913984
1994,lasalle_degree,,,
1994,lasalle_diploma,,,
1994,nafa_degree,,,
1994,nafa_diploma,,,
1994,nanyang_polytechnic,5785.0,2581.0,44.61538461538461
1994,ngee_ann_polytechnic,13637.0,4932.0,36.16631223876219
1994,nie,1394.0,997.0,71.52080344332855
1994,ntu,11052.0,3425.0,30.98986608758596
1994,nus,16137.0,5015.0,31.07764764206482
1994,republic_polytechnic,,,
1994,singapore_polytechnic,13865.0,4883.0,35.218175261449694
1994,sit,,,
1994,smu,,,
1994,suss,,,
1994,sutd,,,
1994,temasek_polytechnic,3854.0,1686.0,43.74675661650234
1995,ite,9300.0,4889.0,52.56989247311828
1995,lasalle_degree,,,
1995,lasalle_diploma,,,
1995,nafa_degree,,,
1995,nafa_diploma,,,
1995,nanyang_polytechnic,7291.0,2733.0,37.4845700178302
1995,ngee_ann_polytechnic,14249.0,5210.0,36.5639694013615
1995,nie,1341.0,1024.0,76.36092468307234
1995,ntu,11545.0,3525.0,30.532698137721958
1995,nus,16984.0,5076.0,29.88695242581253
1995,republic_polytechnic,,,
1995,singapore_polytechnic,14019.0,4820.0,34.381910264640844
1995,sit,,,
1995,smu,,,
1995,suss,,,
1995,sutd,,,
1995,temasek_polytechnic,5443.0,2644.0,48.5761528568804
1996,ite,8266.0,4935.0,59.702395354464066
1996,lasalle_degree,,,
1996,lasalle_diploma,,,
1996,nafa_degree,,,
1996,nafa_diploma,,,
1996,nanyang_polytechnic,7764.0,2761.0,35.56156620298815
1996,ngee_ann_polytechnic,14480.0,4793.0,33.100828729281766
1996,nie,2040.0,1659.0,81.32352941176471
1996,ntu,12186.0,3740.0,30.690956835713113
1996,nus,17669.0,5189.0,29.367819344614862
1996,republic_polytechnic,,,
1996,singapore_polytechnic,13912.0,4584.0,32.949971247843585
1996,sit,,,
1996,smu,,,
1996,suss,,,
1996,sutd,,,
1996,temasek_polytechnic,7681.0,3733.0,48.60044265069652
1997,ite,8323.0,5304.0,63.727021506668265
1997,lasalle_degree,,,
1997,lasalle_diploma,,,
1997,nafa_degree,,,
1997,nafa_diploma,,,
1997,nanyang_polytechnic,8271.0,3083.0,37.27481562084391
1997,ngee_ann_polytechnic,14760.0,4909.0,33.25880758807588
1997,nie,2169.0,1612.0,74.31996311664362
1997,ntu,12760.0,3840.0,30.094043887147336
1997,nus,18174.0,5410.0,29.767800154066247
1997,republic_polytechnic,,,
1997,singapore_polytechnic,13755.0,4575.0,33.26063249727372
1997,sit,,,
1997,smu,,,
1997,suss,,,
1997,sutd,,,
1997,temasek_polytechnic,9806.0,3917.0,39.94493167448501
1998,ite,13808.0,11137.0,80.65614136732329
1998,lasalle_degree,,,
1998,lasalle_diploma,,,
1998,nafa_degree,,,
1998,nafa_diploma,,,
1998,nanyang_polytechnic,9277.0,3619.0,39.01045596636844
1998,ngee_ann_polytechnic,14300.0,4551.0,31.825174825174827
1998,nie,2196.0,1613.0,73.45173041894354
1998,ntu,13318.0,4019.0,30.177203784352006
1998,nus,18791.0,5741.0,30.551859932946623
1998,republic_polytechnic,,,
1998,singapore_polytechnic,13695.0,4576.0,33.4136546184739
1998,sit,,,
1998,smu,,,
1998,suss,,,
1998,sutd,,,
1998,temasek_polytechnic,11462.0,4427.0,38.62327691502355
1999,ite,16464.0,10461.0,63.53862973760933
1999,lasalle_degree,,,
1999,lasalle_diploma,,,
1999,nafa_degree,,,
1999,nafa_diploma,,,
1999,nanyang_polytechnic,10514.0,3923.0,37.31215522160928
1999,ngee_ann_polytechnic,14433.0,4831.0,33.47190466292524
1999,nie,3299.0,2628.0,79.66050318278266
1999,ntu,13849.0,4245.0,30.652032637735577
1999,nus,19873.0,6372.0,32.06360388466764
1999,republic_polytechnic,,,
1999,singapore_polytechnic,13581.0,4440.0,32.692732493925334
1999,sit,,,
1999,smu,,,
1999,suss,,,
1999,sutd,,,
1999,temasek_polytechnic,12230.0,4283.0,35.020441537203595
2000,ite,15974.0,9772.0,61.17440841367222
2000,lasalle_degree,,,
2000,lasalle_diploma,,,
2000,nafa_degree,,,
2000,nafa_diploma,,,
2000,nanyang_polytechnic,11463.0,3881.0,33.85675652098055
2000,ngee_ann_polytechnic,14378.0,4673.0,32.50104326053693
2000,nie,3072.0,2186.0,71.15885416666667
2000,ntu,14583.0,4506.0,30.898991976959472
2000,nus,21233.0,6421.0,30.24066311873028
2000,republic_polytechnic,,,
2000,singapore_polytechnic,13459.0,4446.0,33.03365777546623
2000,sit,,,
2000,smu,305.0,305.0,100.0
2000,suss,,,
2000,sutd,,,
2000,temasek_polytechnic,12733.0,4519.0,35.490457865389146
2001,ite,16176.0,10313.0,63.75494559841741
2001,lasalle_degree,,,
2001,lasalle_diploma,,,
2001,nafa_degree,,,
2001,nafa_diploma,,,
2001,nanyang_polytechnic,12385.0,4250.0,34.31570448122729
2001,ngee_ann_polytechnic,14317.0,4688.0,32.744290004889294
2001,nie,3095.0,2102.0,67.91599353796445
2001,ntu,15008.0,4156.0,27.69189765458422
2001,nus,22172.0,6479.0,29.221540681941185
2001,republic_polytechnic,,,
2001,singapore_polytechnic,13754.0,4847.0,35.240657263341575
2001,sit,,,
2001,smu,803.0,509.0,63.387297633872976
2001,suss,,,
2001,sutd,,,
2001,temasek_polytechnic,13143.0,4328.0,32.930076846990794
2002,ite,17468.0,10628.0,60.84268376459812
2002,lasalle_degree,,,
2002,lasalle_diploma,,,
2002,nafa_degree,,,
2002,nafa_diploma,,,
2002,nanyang_polytechnic,13105.0,4641.0,35.41396413582602
2002,ngee_ann_polytechnic,13989.0,4527.0,32.36114089641861
2002,nie,3368.0,2352.0,69.83372921615202
2002,ntu,15598.0,4411.0,28.279266572637518
2002,nus,22169.0,6019.0,27.15052550859308
2002,republic_polytechnic,,,
2002,singapore_polytechnic,14271.0,4883.0,34.21624273001191
2002,sit,,,
2002,smu,1389.0,607.0,43.700503959683225
2002,suss,,,
2002,sutd,,,
2002,temasek_polytechnic,13324.0,4183.0,31.394476133293306
2003,ite,17941.0,10566.0,58.893038292179924
2003,lasalle_degree,,,
2003,lasalle_diploma,,,
2003,nafa_degree,,,
2003,nafa_diploma,,,
2003,nanyang_polytechnic,13754.0,4590.0,33.37210993165625
2003,ngee_ann_polytechnic,13690.0,4358.0,31.83345507669832
2003,nie,2953.0,1692.0,57.297663393159496
2003,ntu,15764.0,4350.0,27.59451915757422
2003,nus,22149.0,6245.0,28.195403855704548
2003,republic_polytechnic,821.0,821.0,100.0
2003,singapore_polytechnic,14371.0,4347.0,30.2484169508037
2003,sit,,,
2003,smu,2182.0,824.0,37.763519706691106
2003,suss,,,
2003,sutd,,,
2003,temasek_polytechnic,13117.0,3878.0,29.564687047343142
2004,ite,19207.0,11650.0,60.65496954235435
2004,lasalle_degree,,,
2004,lasalle_diploma,,,
2004,nafa_degree,,,
2004,nafa_diploma,,,
2004,nanyang_polytechnic,14233.0,5020.0,35.27014684184641
2004,ngee_ann_polytechnic,13417.0,4443.0,33.11470522471491
2004,nie,2282.0,1583.0,69.36897458369852
2004,ntu,16837.0,5377.0,31.93561798420146
2004,nus,21781.0,5722.0,26.270602818970662
2004,republic_polytechnic,1907.0,1134.0,59.465128474043
2004,singapore_polytechnic,13709.0,4410.0,32.168648333211756
2004,sit,,,
2004,smu,3010.0,1095.0,36.37873754152824
2004,suss,,,
2004,sutd,,,
2004,temasek_polytechnic,12782.0,4140.0,32.38929744953841
2005,ite,21603.0,13705.0,63.4402629264454
2005,lasalle_degree,,,
2005,lasalle_diploma,1505.0,678.0,45.04983388704319
2005,nafa_degree,,,
2005,nafa_diploma,1933.0,826.0,42.73150543197103
2005,nanyang_polytechnic,14643.0,4993.0,34.098203919961755
2005,ngee_ann_polytechnic,13715.0,4801.0,35.0054684651841
2005,nie,2881.0,2208.0,76.64005553627213
2005,ntu,17777.0,5206.0,29.28503122011588
2005,nus,22105.0,6095.0,27.572947296991632
2005,republic_polytechnic,3587.0,1792.0,49.95818232506273
2005,singapore_polytechnic,13353.0,4545.0,34.037294989889915
2005,sit,,,
2005,smu,3781.0,1207.0,31.922771753504364
2005,suss,,,
2005,sutd,,,
2005,temasek_polytechnic,13582.0,4775.0,35.15682520983655
2006,ite,23636.0,13645.0,57.72973430360467
2006,lasalle_degree,,,
2006,lasalle_diploma,1904.0,1008.0,52.94117647058823
2006,nafa_degree,,,
2006,nafa_diploma,2083.0,773.0,37.109937590014404
2006,nanyang_polytechnic,15001.0,4952.0,33.01113259116059
2006,ngee_ann_polytechnic,14258.0,4949.0,34.71033805582831
2006,nie,2938.0,1884.0,64.12525527569775
2006,ntu,19114.0,5746.0,30.06173485403369
2006,nus,22836.0,6631.0,29.037484673322822
2006,republic_polytechnic,5479.0,2620.0,47.81894506296769
2006,singapore_polytechnic,13656.0,4746.0,34.753954305799645
2006,sit,,,
2006,smu,4259.0,1356.0,31.838459732331533
2006,suss,,,
2006,sutd,,,
2006,temasek_polytechnic,14568.0,5009.0,34.383580450302034
2007,ite,24370.0,13967.0,57.31226918342224
2007,lasalle_degree,,,
2007,lasalle_diploma,1948.0,790.0,40.554414784394254
2007,nafa_degree,,,
2007,nafa_diploma,2114.0,713.0,33.7275307473983
2007,nanyang_polytechnic,14874.0,4965.0,33.38039532069383
2007,ngee_ann_polytechnic,14687.0,4817.0,32.797712262545105
2007,nie,2725.0,1852.0,67.96330275229357
2007,ntu,20206.0,6196.0,30.664159160645355
2007,nus,23578.0,6554.0,27.797098990584445
2007,republic_polytechnic,8087.0,3741.0,46.25942871274886
2007,singapore_polytechnic,14399.0,5006.0,34.766303215501075
2007,sit,,,
2007,smu,5178.0,1603.0,30.957898802626495
2007,suss,,,
2007,sutd,,,
2007,temasek_polytechnic,15243.0,4833.0,31.706357016335367
2008,ite,24593.0,14205.0,57.76033830764852
2008,lasalle_degree,,,
2008,lasalle_diploma,1887.0,728.0,38.57975622681505
2008,nafa_degree,,,
2008,nafa_diploma,2190.0,852.0,38.9041095890411
2008,nanyang_polytechnic,15225.0,5279.0,34.67323481116585
2008,ngee_ann_polytechnic,15123.0,5278.0,34.90048270845732
2008,nie,2581.0,1702.0,65.94343277799302
2008,ntu,21097.0,6033.0,28.596482912262406
2008,nus,24086.0,6432.0,26.704309557419247
2008,republic_polytechnic,10188.0,4065.0,39.899882214369846
2008,singapore_polytechnic,14986.0,5193.0,34.65234218604031
2008,sit,,,
2008,smu,5721.0,1670.0,29.190700926411466
2008,suss,,,
2008,sutd,,,
2008,temasek_polytechnic,15615.0,5023.0,32.16778738392571
2009,ite,24846.0,13705.0,55.15978427111004
2009,lasalle_degree,,,
2009,lasalle_diploma,1771.0,727.0,41.050254093732356
2009,nafa_degree,,,
2009,nafa_diploma,2144.0,797.0,37.173507462686565
2009,nanyang_polytechnic,15656.0,5338.0,34.09555442003066
2009,ngee_ann_polytechnic,15417.0,5300.0,34.37763507816047
2009,nie,2804.0,2003.0,71.4336661911555
2009,ntu,22450.0,6719.0,29.928730512249444
2009,nus,24798.0,6775.0,27.320751673522057
2009,republic_polytechnic,12179.0,4617.0,37.909516380655226
2009,singapore_polytechnic,15523.0,5289.0,34.07202216066482
2009,sit,,,
2009,smu,6331.0,1770.0,27.957668614752805
2009,suss,,,
2009,sutd,,,
2009,temasek_polytechnic,15791.0,5080.0,32.17022354505731
2010,ite,24789.0,13886.0,56.01678163701642
2010,lasalle_degree,,,
2010,lasalle_diploma,1754.0,795.0,45.32497149372862
2010,nafa_degree,,,
2010,nafa_diploma,2269.0,835.0,36.80035257822829
2010,nanyang_polytechnic,16183.0,5482.0,33.87505406908484
2010,ngee_ann_polytechnic,15942.0,5387.0,33.79124325680592
2010,nie,2816.0,1939.0,68.8565340909091
2010,ntu,22862.0,6132.0,26.821800367421922
2010,nus,25189.0,6568.0,26.074873952915954
2010,republic_polytechnic,13003.0,4342.0,33.39229408598016
2010,singapore_polytechnic,15928.0,5429.0,34.08463083877449
2010,sit,523.0,523.0,100.0
2010,smu,6721.0,1686.0,25.085552745127213
2010,suss,,,
2010,sutd,,,
2010,temasek_polytechnic,15933.0,5067.0,31.801920542270757
2011,ite,25279.0,14098.0,55.76961113968116
2011,lasalle_degree,,,
2011,lasalle_diploma,1623.0,580.0,35.73629081947012
2011,nafa_degree,20.0,20.0,100.0
2011,nafa_diploma,2217.0,716.0,32.29589535408209
2011,nanyang_polytechnic,16408.0,5538.0,33.751828376401754
2011,ngee_ann_polytechnic,16139.0,5466.0,33.868269409504926
2011,nie,2579.0,1827.0,70.84141139976735
2011,ntu,23040.0,6177.0,26.809895833333332
2011,nus,25513.0,6724.0,26.355191471014777
2011,republic_polytechnic,13927.0,5008.0,35.95892869964817
2011,singapore_polytechnic,15949.0,5348.0,33.531882876669385
2011,sit,1416.0,936.0,66.10169491525424
2011,smu,6853.0,1729.0,25.22982635342186
2011,suss,,,
2011,sutd,,,
2011,temasek_polytechnic,16020.0,5377.0,33.56429463171036
2012,ite,25370.0,13906.0,54.81277098935751
2012,lasalle_degree,1081.0,398.0,36.817761332099906
2012,lasalle_diploma,1353.0,495.0,36.58536585365854
2012,nafa_degree,43.0,25.0,58.13953488372093
2012,nafa_diploma,2225.0,757.0,34.02247191011236
2012,nanyang_polytechnic,16076.0,5116.0,31.823836775317243
2012,ngee_ann_polytechnic,16430.0,5561.0,33.846622032866705
2012,nie,2445.0,1782.0,72.88343558282209
2012,ntu,22862.0,5905.0,25.82888636164815
2012,nus,25979.0,6733.0,25.91708687786289
2012,republic_polytechnic,14520.0,5300.0,36.50137741046832
2012,singapore_polytechnic,15972.0,5407.0,33.85299273729026
2012,sit,2587.0,1304.0,50.405875531503675
2012,smu,7108.0,1930.0,27.152504220596512
2012,suss,,,
2012,sutd,327.0,327.0,100.0
2012,temasek_polytechnic,16005.0,5370.0,33.55201499531397
2013,ite,26288.0,14432.0,54.899573950091295
2013,lasalle_degree,1290.0,422.0,32.713178294573645
2013,lasalle_diploma,1253.0,456.0,36.392657621707905
2013,nafa_degree,51.0,26.0,50.98039215686274
2013,nafa_diploma,2037.0,646.0,31.713303878252333
2013,nanyang_polytechnic,16266.0,5604.0,34.452231648838065
2013,ngee_ann_polytechnic,16581.0,5487.0,33.09209335986973
2013,nie,1838.0,1424.0,77.47551686615887
2013,ntu,22777.0,6660.0,29.240022830047856
2013,nus,26156.0,6892.0,26.349594739256766
2013,republic_polytechnic,14995.0,5054.0,33.70456818939647
2013,singapore_polytechnic,15878.0,5364.0,33.782592266028466
2013,sit,3051.0,1510.0,49.49196984595215
2013,smu,7297.0,1924.0,26.36700013704262
2013,suss,,,
2013,sutd,583.0,265.0,45.45454545454545
2013,temasek_polytechnic,16250.0,5370.0,33.04615384615385
2014,ite,28036.0,14641.0,52.22214295905265
2014,lasalle_degree,1176.0,447.0,38.01020408163265
2014,lasalle_diploma,1190.0,427.0,35.88235294117647
2014,nafa_degree,53.0,27.0,50.943396226415096
2014,nafa_diploma,2022.0,721.0,35.65776458951533
2014,nanyang_polytechnic,16092.0,5349.0,33.24011931394482
2014,ngee_ann_polytechnic,16227.0,5145.0,31.70641523386948
2014,nie,1913.0,1623.0,84.84056455828542
2014,ntu,23021.0,6480.0,28.148212501628947
2014,nus,26797.0,7108.0,26.525357316117475
2014,republic_polytechnic,14952.0,4701.0,31.440609951845907
2014,singapore_polytechnic,15905.0,5312.0,33.39830242062244
2014,sit,3557.0,1836.0,51.61653078436885
2014,smu,7515.0,1912.0,25.442448436460413
2014,suss,217.0,217.0,100.0
2014,sutd,886.0,317.0,35.77878103837472
2014,temasek_polytechnic,16138.0,5270.0,32.65584335109679
2015,ite,29295.0,14173.0,48.38026967059225
2015,lasalle_degree,1262.0,502.0,39.77812995245642
2015,lasalle_diploma,1173.0,424.0,36.146632566069904
2015,nafa_degree,59.0,33.0,55.932203389830505
2015,nafa_diploma,2106.0,819.0,38.888888888888886
2015,nanyang_polytechnic,15842.0,4959.0,31.302865799772757
2015,ngee_ann_polytechnic,15611.0,4872.0,31.20876305169432
2015,nie,1549.0,1231.0,79.47062621045836
2015,ntu,23512.0,6525.0,27.75178632187819
2015,nus,27288.0,6935.0,25.414101436528878
2015,republic_polytechnic,14690.0,4806.0,32.716133424098025
2015,singapore_polytechnic,15297.0,4814.0,31.470222919526705
2015,sit,4039.0,2076.0,51.398861104233724
2015,smu,7740.0,1944.0,25.11627906976744
2015,suss,489.0,284.0,58.077709611451944
2015,sutd,1235.0,362.0,29.31174089068826
2015,temasek_polytechnic,15425.0,4800.0,31.118314424635333
2016,ite,27519.0,14763.0,53.64657145971874
2016,lasalle_degree,1311.0,510.0,38.901601830663616
2016,lasalle_diploma,1150.0,388.0,33.73913043478261
2016,nafa_degree,50.0,16.0,32.0
2016,nafa_diploma,2390.0,942.0,39.41422594142259
2016,nanyang_polytechnic,15035.0,4766.0,31.699368141004324
2016,ngee_ann_polytechnic,14866.0,4728.0,31.804116776537064
2016,nie,1443.0,1256.0,87.04088704088704
2016,ntu,23495.0,6138.0,26.124707384549904
2016,nus,27702.0,7011.0,25.308641975308642
2016,republic_polytechnic,13915.0,4249.0,30.535393460294646
2016,singapore_polytechnic,14671.0,4737.0,32.288187580941994
2016,sit,5230.0,2559.0,48.92925430210325
2016,smu,7827.0,1961.0,25.05429922064648
2016,suss,896.0,423.0,47.20982142857143
2016,sutd,1381.0,460.0,33.3091962346126
2016,temasek_polytechnic,14662.0,4641.0,31.653253307870685
2017,ite,28508.0,15506.0,54.39174968429914
2017,lasalle_degree,1330.0,531.0,39.92481203007519
2017,lasalle_diploma,1241.0,518.0,41.740531829170024
2017,nafa_degree,39.0,23.0,58.97435897435897
2017,nafa_diploma,2537.0,921.0,36.30271974773354
2017,nanyang_polytechnic,14734.0,4920.0,33.392154201167365
2017,ngee_ann_polytechnic,14599.0,4886.0,33.468045756558666
2017,nie,1122.0,569.0,50.71301247771836
2017,ntu,22934.0,5955.0,25.965814947239906
2017,nus,28134.0,7121.0,25.311011587403144
2017,republic_polytechnic,13566.0,4400.0,32.43402624207578
2017,singapore_polytechnic,14298.0,4958.0,34.676178486501605
2017,sit,6138.0,2589.0,42.17986314760508
2017,smu,7979.0,2004.0,25.115929314450433
2017,suss,1451.0,575.0,39.62784286698828
2017,sutd,1545.0,424.0,27.44336569579288
2017,temasek_polytechnic,14239.0,4900.0,34.41252896973102
2018,ite,28367.0,14819.0,52.240279197659255
2018,lasalle_degree,1339.0,487.0,36.37042569081404
2018,lasalle_diploma,1294.0,475.0,36.70788253477589
2018,nafa_degree,43.0,23.0,53.48837209302326
2018,nafa_diploma,2484.0,865.0,34.82286634460547
2018,nanyang_polytechnic,14715.0,4920.0,33.435270132517836
2018,ngee_ann_polytechnic,14543.0,4874.0,33.514405555937564
2018,nie,1309.0,556.0,42.47517188693659
2018,ntu,22813.0,6160.0,27.00214789812826
2018,nus,29037.0,7856.0,27.05513654991907
2018,republic_polytechnic,13142.0,4393.0,33.42718003348045
2018,singapore_polytechnic,14337.0,4821.0,33.62628164888052
2018,sit,6951.0,2660.0,38.26787512588117
2018,smu,8182.0,2161.0,26.4116352969934
2018,suss,2049.0,767.0,37.43289409468033
2018,sutd,1658.0,437.0,26.35705669481303
2018,temasek_polytechnic,14248.0,4861.0,34.11706906232454
2019,ite,27968.0,15147.0,54.158323798627
2019,lasalle_degree,1235.0,448.0,36.2753036437247
2019,lasalle_diploma,1277.0,445.0,34.84729835552075
2019,nafa_degree,50.0,28.0,56.0
2019,nafa_diploma,2377.0,815.0,34.28691628102651
2019,nanyang_polytechnic,14522.0,4556.0,31.37308910618372
2019,ngee_ann_polytechnic,14233.0,4492.0,31.560458090353404
2019,nie,1323.0,515.0,38.92668178382464
2019,ntu,23063.0,6482.0,28.105623726314878
2019,nus,30033.0,7847.0,26.127925948123732
2019,republic_polytechnic,12627.0,3871.0,30.656529658667935
2019,singapore_polytechnic,14209.0,4616.0,32.48645224857485
2019,sit,7714.0,2718.0,35.23463831993777
2019,smu,8656.0,2365.0,27.322088724584102
2019,suss,2601.0,886.0,34.0638216070742
2019,sutd,1730.0,415.0,23.98843930635838
2019,temasek_polytechnic,14142.0,4536.0,32.07467119219346
2020,ite,27825.0,14661.0,52.690026954177895
2020,lasalle_degree,1168.0,435.0,37.24315068493151
2020,lasalle_diploma,1231.0,415.0,33.712428919577576
2020,nafa_degree,46.0,17.0,36.95652173913044
2020,nafa_diploma,2312.0,789.0,34.12629757785467
2020,nanyang_polytechnic,13968.0,4329.0,30.992268041237114
2020,ngee_ann_polytechnic,13637.0,4201.0,30.805895724866172
2020,nie,1206.0,530.0,43.946932006633496
2020,ntu,23758.0,6693.0,28.171563262900918
2020,nus,30420.0,7486.0,24.60880999342538
2020,republic_polytechnic,12225.0,3940.0,32.22903885480573
2020,singapore_polytechnic,13568.0,4270.0,31.47110849056604
2020,sit,8201.0,2894.0,35.28837946591879
2020,smu,9144.0,2429.0,26.563867016622922
2020,suss,3153.0,999.0,31.684110371075167
2020,sutd,1406.0,475.0,33.78378378378378
2020,temasek_polytechnic,13535.0,4274.0,31.577391946804582
2021,ite,27862.0,14738.0,52.896418060440745
2021,lasalle_degree,1166.0,449.0,38.507718696397944
2021,lasalle_diploma,1205.0,413.0,34.273858921161825
2021,nafa_degree,236.0,218.0,92.37288135593221
2021,nafa_diploma,2117.0,686.0,32.40434577231932
2021,nanyang_polytechnic,13268.0,4223.0,31.828459451311424
2021,ngee_ann_polytechnic,12996.0,4088.0,31.455832563865805
2021,nie,1154.0,467.0,40.46793760831889
2021,ntu,24074.0,6483.0,26.92946747528454
2021,nus,31191.0,7881.0,25.26690391459075
2021,republic_polytechnic,11668.0,3861.0,33.090503942406585
2021,singapore_polytechnic,12880.0,4104.0,31.86335403726708
2021,sit,9015.0,2952.0,32.74542429284526
2021,smu,9580.0,2436.0,25.427974947807932
2021,suss,3656.0,1087.0,29.73194748358862
2021,sutd,1429.0,468.0,32.750174947515745
2021,temasek_polytechnic,12984.0,4210.0,32.4245224892175
2022,ite,27570.0,14577.0,52.87268770402611
2022,lasalle_degree,1140.0,406.0,35.6140350877193
2022,lasalle_diploma,1200.0,410.0,34.166666666666664
2022,nafa_degree,433.0,223.0,51.50115473441109
2022,nafa_diploma,2049.0,711.0,34.69985358711567
2022,nanyang_polytechnic,12815.0,4121.0,32.15762777994538
2022,ngee_ann_polytechnic,12500.0,4067.0,32.536
2022,nie,1319.0,527.0,39.95451099317665
2022,ntu,23876.0,6184.0,25.90048584352488
2022,nus,30842.0,7273.0,23.581479800272355
2022,republic_polytechnic,11704.0,3914.0,33.44155844155844
2022,singapore_polytechnic,12391.0,4181.0,33.742232265353884
2022,sit,9688.0,3121.0,32.21511147811726
2022,smu,9883.0,2380.0,24.081756551654355
2022,suss,3910.0,986.0,25.217391304347824
2022,sutd,1409.0,405.0,28.743789921930446
2022,temasek_polytechnic,12481.0,4178.0,33.47488182036696
2023,ite,27274.0,14405.0,52.815868592799
2023,lasalle_degree,1197.0,467.0,39.01420217209691
2023,lasalle_diploma,1177.0,415.0,35.25913338997451
2023,nafa_degree,514.0,237.0,46.10894941634241
2023,nafa_diploma,2108.0,800.0,37.95066413662239
2023,nanyang_polytechnic,12758.0,4241.0,33.241887443172914
2023,ngee_ann_polytechnic,12397.0,4229.0,34.113091877067035
2023,nie,1394.0,1204.0,86.37015781922526
2023,ntu,24117.0,6448.0,26.73632707218974
2023,nus,30467.0,7470.0,24.518331309285458
2023,republic_polytechnic,11587.0,3902.0,33.675671010615346
2023,singapore_polytechnic,12590.0,4385.0,34.82922954725973
2023,sit,10380.0,3328.0,32.0616570327553
2023,smu,10129.0,2572.0,25.392437555533615
2023,suss,3998.0,1011.0,25.287643821910955
2023,sutd,1915.0,541.0,28.25065274151436
2023,temasek_polytechnic,12462.0,4272.0,34.28021184400578
