Year,Month,town,price_m2
2017,1,Ang Mo Kio,4901.335303268145
2017,1,Bedok,4656.703121609308
2017,1,Bishan,5966.614286763197
2017,1,Bukit Batok,4224.912179787746
2017,1,Bukit Merah,6226.731623766652
2017,1,Bukit Panjang,3843.3631188356467
2017,1,Bukit Timah,6621.685516918394
2017,1,Central Area,7352.392609829881
2017,1,Choa Chu Kang,3538.062265935821
2017,1,Clementi,5103.100158197749
2017,1,Geylang,4950.600613841695
2017,1,Hougang,4131.015191950015
2017,1,Jurong East,4320.144183309841
2017,1,Jurong West,4012.7737016243796
2017,1,Kallang/Whampoa,5694.65975554917
2017,1,Marine Parade,5961.2700895595635
2017,1,Pasir Ris,3853.0509280081
2017,1,Punggol,4604.792271797617
2017,1,Queenstown,6060.993534660158
2017,1,Sembawang,3757.378457051898
2017,1,Sengkang,4307.466928308234
2017,1,Serangoon,4728.935062809395
2017,1,Tampines,4434.422414871601
2017,1,Toa Payoh,5390.8230468465135
2017,1,Woodlands,3634.2199277553204
2017,1,Yishun,3997.9825184218794
2017,2,Ang Mo Kio,4997.1297140389925
2017,2,Bedok,4675.714377772064
2017,2,Bishan,6221.457614054462
2017,2,Bukit Batok,4051.2671105847594
2017,2,Bukit Merah,6409.5722629940365
2017,2,Bukit Panjang,3937.670579367377
2017,2,Bukit Timah,6182.109237016041
2017,2,Central Area,7167.535469462717
2017,2,Choa Chu Kang,3462.6611174462887
2017,2,Clementi,5203.865995028918
2017,2,Geylang,5075.585553840204
2017,2,Hougang,4204.5345324229065
2017,2,Jurong East,4376.7701913337405
2017,2,Jurong West,3982.711579603635
2017,2,Kallang/Whampoa,5587.690114868005
2017,2,Marine Parade,6369.15260027329
2017,2,Pasir Ris,3818.7185412463346
2017,2,Punggol,4602.204996603513
2017,2,Queenstown,6669.16362918959
2017,2,Sembawang,3715.986841343945
2017,2,Sengkang,4346.920870944579
2017,2,Serangoon,4713.289063126897
2017,2,Tampines,4391.831131119359
2017,2,Toa Payoh,5448.433423172966
2017,2,Woodlands,3690.0865276791005
2017,2,Yishun,3931.2122932654775
2017,3,Ang Mo Kio,4980.708017966501
2017,3,Bedok,4738.107335306439
2017,3,Bishan,6044.282430979342
2017,3,Bukit Batok,4120.223945009173
2017,3,Bukit Merah,6363.361729459211
2017,3,Bukit Panjang,4126.270493113031
2017,3,Bukit Timah,6561.638361638361
2017,3,Central Area,7894.05676608795
2017,3,Choa Chu Kang,3554.3801864461166
2017,3,Clementi,5405.117015220001
2017,3,Geylang,5276.151735427874
2017,3,Hougang,4138.352181995012
2017,3,Jurong East,4055.807852166954
2017,3,Jurong West,4020.507980310398
2017,3,Kallang/Whampoa,5784.488320977257
2017,3,Marine Parade,5993.597311601486
2017,3,Pasir Ris,3911.2424182095847
2017,3,Punggol,4624.261821712595
2017,3,Queenstown,6500.202462633545
2017,3,Sembawang,3756.80094817866
2017,3,Sengkang,4373.480657506304
2017,3,Serangoon,4846.350252938026
2017,3,Tampines,4496.834495475714
2017,3,Toa Payoh,5471.019874824252
2017,3,Woodlands,3625.0556612033097
2017,3,Yishun,3996.051018326274
2017,4,Ang Mo Kio,4922.409954178685
2017,4,Bedok,4634.40910779518
2017,4,Bishan,6269.059153668446
2017,4,Bukit Batok,4114.455440786847
2017,4,Bukit Merah,6616.3065575276405
2017,4,Bukit Panjang,4152.217677066338
2017,4,Bukit Timah,6415.630662129248
2017,4,Central Area,7178.602314554362
2017,4,Choa Chu Kang,3533.655452103991
2017,4,Clementi,5410.3736501136345
2017,4,Geylang,5044.563194755991
2017,4,Hougang,4183.592356780729
2017,4,Jurong East,4354.8697784662845
2017,4,Jurong West,3886.8340539765654
2017,4,Kallang/Whampoa,5731.8760118798045
2017,4,Marine Parade,6181.809573411184
2017,4,Pasir Ris,3862.372985761609
2017,4,Punggol,4702.736747896817
2017,4,Queenstown,6466.558637515643
2017,4,Sembawang,3697.4064478793466
2017,4,Sengkang,4457.583259169291
2017,4,Serangoon,4810.277495210816
2017,4,Tampines,4469.495276218185
2017,4,Toa Payoh,5011.721193764199
2017,4,Woodlands,3611.788468297765
2017,4,Yishun,3867.4474536880452
2017,5,Ang Mo Kio,5177.215973290469
2017,5,Bedok,4565.235667936822
2017,5,Bishan,6319.339575750285
2017,5,Bukit Batok,4102.165637481043
2017,5,Bukit Merah,6569.639670798783
2017,5,Bukit Panjang,4241.62147386933
2017,5,Bukit Timah,7070.556726378644
2017,5,Central Area,7611.019084679147
2017,5,Choa Chu Kang,3540.9407493154654
2017,5,Clementi,5708.5048726722125
2017,5,Geylang,4932.319931731995
2017,5,Hougang,4208.740704806074
2017,5,Jurong East,4213.10977986281
2017,5,Jurong West,3880.468960071005
2017,5,Kallang/Whampoa,5672.277961203192
2017,5,Marine Parade,6121.478935864202
2017,5,Pasir Ris,3959.566416254511
2017,5,Punggol,4636.716972147558
2017,5,Queenstown,6912.488647797571
2017,5,Sembawang,3705.911988134861
2017,5,Sengkang,4336.506744676382
2017,5,Serangoon,4826.591143597425
2017,5,Tampines,4589.551723953386
2017,5,Toa Payoh,5216.896209874983
2017,5,Woodlands,3622.493393582369
2017,5,Yishun,3925.0790603783907
2017,6,Ang Mo Kio,5066.524517079176
2017,6,Bedok,4681.791294507249
2017,6,Bishan,6145.358083209266
2017,6,Bukit Batok,4152.058461021031
2017,6,Bukit Merah,6446.961210992277
2017,6,Bukit Panjang,3940.80335464112
2017,6,Bukit Timah,6424.728499509545
2017,6,Central Area,7828.158354267203
2017,6,Choa Chu Kang,3550.972106905093
2017,6,Clementi,6305.630426635343
2017,6,Geylang,5134.1365325517445
2017,6,Hougang,4265.7271949508
2017,6,Jurong East,4421.955816852137
2017,6,Jurong West,3815.226254380412
2017,6,Kallang/Whampoa,5618.104258821468
2017,6,Marine Parade,5984.133058979082
2017,6,Pasir Ris,3995.8242196002866
2017,6,Punggol,4525.94224436423
2017,6,Queenstown,6517.131344133842
2017,6,Sembawang,3672.3991498148716
2017,6,Sengkang,4281.467824603109
2017,6,Serangoon,4826.414057591056
2017,6,Tampines,4485.596521878061
2017,6,Toa Payoh,5467.819666818322
2017,6,Woodlands,3663.757666875993
2017,6,Yishun,3965.439211763631
2017,7,Ang Mo Kio,4883.453079083988
2017,7,Bedok,4584.217716787023
2017,7,Bishan,6296.1931183341
2017,7,Bukit Batok,4163.633489835508
2017,7,Bukit Merah,6379.393476681944
2017,7,Bukit Panjang,4180.623756173716
2017,7,Bukit Timah,6132.700481061137
2017,7,Central Area,7245.894618663937
2017,7,Choa Chu Kang,3523.6307947486753
2017,7,Clementi,5089.531301525747
2017,7,Geylang,5100.90420066565
2017,7,Hougang,4143.270784198082
2017,7,Jurong East,4268.319782564624
2017,7,Jurong West,3961.911020617518
2017,7,Kallang/Whampoa,5585.330221156342
2017,7,Marine Parade,6186.297783580625
2017,7,Pasir Ris,3981.4188679735034
2017,7,Punggol,4461.6959094087615
2017,7,Queenstown,6682.443064716735
2017,7,Sembawang,3700.8176863803683
2017,7,Sengkang,4357.699374946169
2017,7,Serangoon,4666.708059142585
2017,7,Tampines,4407.3328999906325
2017,7,Toa Payoh,5778.802471255944
2017,7,Woodlands,3646.7054724937793
2017,7,Yishun,3942.175864834253
2017,8,Ang Mo Kio,5051.207885881807
2017,8,Bedok,4720.030346666667
2017,8,Bishan,5877.118077943898
2017,8,Bukit Batok,4151.086127570507
2017,8,Bukit Merah,6113.184210308357
2017,8,Bukit Panjang,4024.170328039676
2017,8,Bukit Timah,6281.440781440781
2017,8,Central Area,7688.534827803954
2017,8,Choa Chu Kang,3600.231548015551
2017,8,Clementi,5555.30614483368
2017,8,Geylang,4893.9246459489905
2017,8,Hougang,4181.646815762474
2017,8,Jurong East,4414.217946979382
2017,8,Jurong West,3956.769177879215
2017,8,Kallang/Whampoa,5441.154240595802
2017,8,Marine Parade,6630.875241337372
2017,8,Pasir Ris,3891.339845738682
2017,8,Punggol,4541.706229906345
2017,8,Queenstown,6596.891479973842
2017,8,Sembawang,3651.9521081214684
2017,8,Sengkang,4250.647006284188
2017,8,Serangoon,4865.757503465682
2017,8,Tampines,4485.06794051262
2017,8,Toa Payoh,5713.480036737964
2017,8,Woodlands,3618.206298015196
2017,8,Yishun,3944.3338308898237
2017,9,Ang Mo Kio,4795.062114048687
2017,9,Bedok,4667.161154430428
2017,9,Bishan,5946.055227703965
2017,9,Bukit Batok,4236.169524905333
2017,9,Bukit Merah,6660.731916781512
2017,9,Bukit Panjang,4219.112559408825
2017,9,Bukit Timah,6456.306813278046
2017,9,Central Area,7942.735745725001
2017,9,Choa Chu Kang,3502.783948402989
2017,9,Clementi,5629.586118329131
2017,9,Geylang,4969.412734394664
2017,9,Hougang,3991.2187431484695
2017,9,Jurong East,4354.292807608042
2017,9,Jurong West,3863.3828280027215
2017,9,Kallang/Whampoa,5965.663861003269
2017,9,Marine Parade,5930.223681231584
2017,9,Pasir Ris,3883.946026928718
2017,9,Punggol,4548.026862120187
2017,9,Queenstown,6504.045416512555
2017,9,Sembawang,3724.909365778211
2017,9,Sengkang,4270.991931364424
2017,9,Serangoon,4935.6135209706945
2017,9,Tampines,4526.215975155869
2017,9,Toa Payoh,6094.6053608405455
2017,9,Woodlands,3552.633136184549
2017,9,Yishun,3938.535152958331
2017,10,Ang Mo Kio,4724.689685022926
2017,10,Bedok,4674.15372304352
2017,10,Bishan,5942.279635205954
2017,10,Bukit Batok,4059.009098171995
2017,10,Bukit Merah,6686.173465142548
2017,10,Bukit Panjang,4062.0500322980456
2017,10,Bukit Timah,6144.51282051282
2017,10,Central Area,7123.358570587412
2017,10,Choa Chu Kang,3453.108872046572
2017,10,Clementi,5531.867680229731
2017,10,Geylang,5112.296382989565
2017,10,Hougang,4159.259447539333
2017,10,Jurong East,4469.73509126271
2017,10,Jurong West,3852.5502644783032
2017,10,Kallang/Whampoa,5366.078290927251
2017,10,Marine Parade,5938.279748817131
2017,10,Pasir Ris,3987.7354880960042
2017,10,Punggol,4610.34099350729
2017,10,Queenstown,6278.458557020222
2017,10,Sembawang,3676.2485166974357
2017,10,Sengkang,4279.387379956024
2017,10,Serangoon,5012.009296178625
2017,10,Tampines,4488.6683108421585
2017,10,Toa Payoh,5734.219291857001
2017,10,Woodlands,3554.796430054292
2017,10,Yishun,3812.7032212420595
2017,11,Ang Mo Kio,4803.174192588917
2017,11,Bedok,4699.10909605989
2017,11,Bishan,5980.603686477068
2017,11,Bukit Batok,4050.133122103496
2017,11,Bukit Merah,6537.990580380714
2017,11,Bukit Panjang,4116.017650305457
2017,11,Bukit Timah,6493.228892255005
2017,11,Central Area,7184.169575047491
2017,11,Choa Chu Kang,3552.5872117695435
2017,11,Clementi,5251.876193833961
2017,11,Geylang,5119.332842963223
2017,11,Hougang,4135.635052542433
2017,11,Jurong East,4358.8340853658865
2017,11,Jurong West,3818.3787179639444
2017,11,Kallang/Whampoa,5460.2404364303975
2017,11,Marine Parade,6246.080338163469
2017,11,Pasir Ris,3891.83781421619
2017,11,Punggol,4656.350362956906
2017,11,Queenstown,6659.870679368828
2017,11,Sembawang,3656.878939290367
2017,11,Sengkang,4270.260488850321
2017,11,Serangoon,4937.68907360256
2017,11,Tampines,4417.641715885274
2017,11,Toa Payoh,5858.669377485219
2017,11,Woodlands,3556.1177777766525
2017,11,Yishun,3828.1632176501676
2017,12,Ang Mo Kio,4749.813501067311
2017,12,Bedok,4671.570266056095
2017,12,Bishan,6299.939154122288
2017,12,Bukit Batok,4079.2026283736013
2017,12,Bukit Merah,6724.972270877142
2017,12,Bukit Panjang,4065.1465937799007
2017,12,Bukit Timah,6366.412451054693
2017,12,Central Area,6969.246005669906
2017,12,Choa Chu Kang,3514.318142759916
2017,12,Clementi,5463.536153912358
2017,12,Geylang,5223.31244244345
2017,12,Hougang,4017.857982000234
2017,12,Jurong East,4320.146202923939
2017,12,Jurong West,3889.8626141924283
2017,12,Kallang/Whampoa,5473.820365481239
2017,12,Marine Parade,5882.082958300018
2017,12,Pasir Ris,3880.816124474838
2017,12,Punggol,4627.433798540624
2017,12,Queenstown,6820.350816406302
2017,12,Sembawang,3657.996783527289
2017,12,Sengkang,4291.106251816692
2017,12,Serangoon,4806.2957192299555
2017,12,Tampines,4509.947390635899
2017,12,Toa Payoh,5902.788584782537
2017,12,Woodlands,3543.9221021298476
2017,12,Yishun,3844.5078268771094
2018,1,Ang Mo Kio,4645.3677958648805
2018,1,Bedok,4665.536584160409
2018,1,Bishan,5739.574363899609
2018,1,Bukit Batok,4156.0136362379535
2018,1,Bukit Merah,6514.221689677598
2018,1,Bukit Panjang,4210.84984076977
2018,1,Bukit Timah,6677.332912988651
2018,1,Central Area,7570.281864808583
2018,1,Choa Chu Kang,3446.8535371400963
2018,1,Clementi,5137.59995889063
2018,1,Geylang,5428.220081658149
2018,1,Hougang,4250.874569379021
2018,1,Jurong East,4249.632912818003
2018,1,Jurong West,3802.708752324333
2018,1,Kallang/Whampoa,5630.939057756285
2018,1,Marine Parade,6079.381639975556
2018,1,Pasir Ris,3904.6210581898868
2018,1,Punggol,4684.361429187049
2018,1,Queenstown,6030.265926046497
2018,1,Sembawang,3667.4199290592683
2018,1,Sengkang,4178.7163266283615
2018,1,Serangoon,4733.000334823201
2018,1,Tampines,4419.273543294521
2018,1,Toa Payoh,5500.858088498285
2018,1,Woodlands,3637.681647724106
2018,1,Yishun,3822.9803692170203
2018,2,Ang Mo Kio,4521.2458603875775
2018,2,Bedok,4651.32744175246
2018,2,Bishan,6100.321190874937
2018,2,Bukit Batok,4046.0657654587762
2018,2,Bukit Merah,5927.501902325112
2018,2,Bukit Panjang,3982.438149487225
2018,2,Bukit Timah,6649.872495446266
2018,2,Central Area,8220.792885535197
2018,2,Choa Chu Kang,3441.828100136485
2018,2,Clementi,5770.935663486649
2018,2,Geylang,5165.696710902908
2018,2,Hougang,4064.5602582135657
2018,2,Jurong East,4516.722207732412
2018,2,Jurong West,3756.846193822267
2018,2,Kallang/Whampoa,5463.031950300808
2018,2,Marine Parade,6051.673406656642
2018,2,Pasir Ris,4056.3197817199616
2018,2,Punggol,4664.4713140513995
2018,2,Queenstown,6728.264883895043
2018,2,Sembawang,3598.784095730912
2018,2,Sengkang,4219.431202210233
2018,2,Serangoon,4954.350158326829
2018,2,Tampines,4512.3700037589615
2018,2,Toa Payoh,5282.163188141027
2018,2,Woodlands,3555.423897180535
2018,2,Yishun,3795.5111226522713
2018,3,Ang Mo Kio,4915.444257370684
2018,3,Bedok,4767.22451370763
2018,3,Bishan,6072.4860218696385
2018,3,Bukit Batok,4071.5488784677627
2018,3,Bukit Merah,6272.253050022441
2018,3,Bukit Panjang,4080.9495090471405
2018,3,Bukit Timah,6558.755399478413
2018,3,Central Area,8054.816206913777
2018,3,Choa Chu Kang,3444.7978839734546
2018,3,Clementi,5785.849475558583
2018,3,Geylang,5485.573517382613
2018,3,Hougang,4157.327824796742
2018,3,Jurong East,4366.783485094608
2018,3,Jurong West,3833.870288681775
2018,3,Kallang/Whampoa,5579.9909592225285
2018,3,Marine Parade,6349.593102365289
2018,3,Pasir Ris,3864.98824729287
2018,3,Punggol,4577.550878515611
2018,3,Queenstown,6875.753063795378
2018,3,Sembawang,3497.540946106577
2018,3,Sengkang,4202.991572576565
2018,3,Serangoon,4623.437861005767
2018,3,Tampines,4510.637756139242
2018,3,Toa Payoh,5914.417042451412
2018,3,Woodlands,3528.576217048649
2018,3,Yishun,3756.795423146411
2018,4,Ang Mo Kio,5032.403517576477
2018,4,Bedok,4461.600254513187
2018,4,Bishan,6140.017806058308
2018,4,Bukit Batok,3962.262264926082
2018,4,Bukit Merah,6412.59789623868
2018,4,Bukit Panjang,4113.955598646163
2018,4,Bukit Timah,6452.272531766225
2018,4,Central Area,7388.638477500415
2018,4,Choa Chu Kang,3428.611415401788
2018,4,Clementi,5261.8924785233285
2018,4,Geylang,5010.723877908967
2018,4,Hougang,4111.5048953863
2018,4,Jurong East,4355.020562827918
2018,4,Jurong West,3838.653949225899
2018,4,Kallang/Whampoa,5322.375603713384
2018,4,Marine Parade,6033.364401892689
2018,4,Pasir Ris,3994.4682375580014
2018,4,Punggol,4559.389181619452
2018,4,Queenstown,6651.110868230068
2018,4,Sembawang,3534.8712104024767
2018,4,Sengkang,4332.305968096902
2018,4,Serangoon,4770.421860633781
2018,4,Tampines,4440.908403535116
2018,4,Toa Payoh,5844.90558820364
2018,4,Woodlands,3528.063043130092
2018,4,Yishun,3768.0866853433777
2018,5,Ang Mo Kio,4848.457856446789
2018,5,Bedok,4740.610485833283
2018,5,Bishan,5933.7823623569775
2018,5,Bukit Batok,3967.2708311906026
2018,5,Bukit Merah,6733.2584863449865
2018,5,Bukit Panjang,4008.1293287580847
2018,5,Bukit Timah,5781.25
2018,5,Central Area,7259.224310081039
2018,5,Choa Chu Kang,3478.522551517347
2018,5,Clementi,5351.843632502421
2018,5,Geylang,4823.950857009563
2018,5,Hougang,4105.6886689425755
2018,5,Jurong East,4381.002136173648
2018,5,Jurong West,3931.281535195399
2018,5,Kallang/Whampoa,5844.9628635740655
2018,5,Marine Parade,5793.766289846429
2018,5,Pasir Ris,4006.934473888302
2018,5,Punggol,4662.234548977758
2018,5,Queenstown,6933.307863234417
2018,5,Sembawang,3592.188322745869
2018,5,Sengkang,4284.651644592798
2018,5,Serangoon,4704.516153660735
2018,5,Tampines,4589.368943000889
2018,5,Toa Payoh,5638.386880817657
2018,5,Woodlands,3503.885780721844
2018,5,Yishun,3767.1267555045133
2018,6,Ang Mo Kio,4796.634863748131
2018,6,Bedok,4570.138460954538
2018,6,Bishan,5987.402915177032
2018,6,Bukit Batok,4026.055694917799
2018,6,Bukit Merah,6341.608470594892
2018,6,Bukit Panjang,3981.0173246527643
2018,6,Bukit Timah,6329.173608112076
2018,6,Central Area,8085.151801632901
2018,6,Choa Chu Kang,3418.0688613113134
2018,6,Clementi,5704.998973946222
2018,6,Geylang,5560.5314287694
2018,6,Hougang,4082.896623763656
2018,6,Jurong East,4250.002989611191
2018,6,Jurong West,3836.119562328716
2018,6,Kallang/Whampoa,5794.794050895371
2018,6,Marine Parade,6236.287939072817
2018,6,Pasir Ris,3901.247785762544
2018,6,Punggol,4649.6431201068135
2018,6,Queenstown,7053.19655036434
2018,6,Sembawang,3572.0332319234435
2018,6,Sengkang,4258.712833102007
2018,6,Serangoon,4810.654132538291
2018,6,Tampines,4452.827590628423
2018,6,Toa Payoh,5555.1644846962545
2018,6,Woodlands,3540.0945318018908
2018,6,Yishun,3770.612800528679
2018,7,Ang Mo Kio,4888.183000046427
2018,7,Bedok,4548.201380814201
2018,7,Bishan,5650.74641816381
2018,7,Bukit Batok,3940.102402685026
2018,7,Bukit Merah,6538.5289309688205
2018,7,Bukit Panjang,4096.939960460313
2018,7,Bukit Timah,6503.351179773748
2018,7,Central Area,7189.284633869364
2018,7,Choa Chu Kang,3456.047527077046
2018,7,Clementi,5183.300340071176
2018,7,Geylang,5029.176988586124
2018,7,Hougang,4160.12409305241
2018,7,Jurong East,4420.307894130341
2018,7,Jurong West,3824.5274211153683
2018,7,Kallang/Whampoa,5315.574677325108
2018,7,Marine Parade,5975.801767569285
2018,7,Pasir Ris,4002.6765526799827
2018,7,Punggol,4643.5457364458525
2018,7,Queenstown,6574.716041906536
2018,7,Sembawang,3554.371854446656
2018,7,Sengkang,4288.3427543903435
2018,7,Serangoon,4777.368598773037
2018,7,Tampines,4535.277016332908
2018,7,Toa Payoh,5894.635716674091
2018,7,Woodlands,3551.8972514680695
2018,7,Yishun,3744.0765383696744
2018,8,Ang Mo Kio,4752.871459163379
2018,8,Bedok,4439.485184579365
2018,8,Bishan,5871.982860568269
2018,8,Bukit Batok,3975.2847802091437
2018,8,Bukit Merah,6575.246283337622
2018,8,Bukit Panjang,4044.42654987721
2018,8,Bukit Timah,6544.539164032314
2018,8,Central Area,6771.269592763225
2018,8,Choa Chu Kang,3486.519849707752
2018,8,Clementi,5417.746907290907
2018,8,Geylang,5042.742952630659
2018,8,Hougang,4194.629901931219
2018,8,Jurong East,4457.417753301482
2018,8,Jurong West,3644.2592340948845
2018,8,Kallang/Whampoa,5426.800370251125
2018,8,Marine Parade,6407.339033064462
2018,8,Pasir Ris,4008.526683690454
2018,8,Punggol,4705.201328656101
2018,8,Queenstown,6619.804590338349
2018,8,Sembawang,3625.0343513239686
2018,8,Sengkang,4348.6135887859555
2018,8,Serangoon,4704.580486778763
2018,8,Tampines,4506.40151930226
2018,8,Toa Payoh,5780.640018699979
2018,8,Woodlands,3602.1456029243127
2018,8,Yishun,3724.237683500917
2018,9,Ang Mo Kio,4647.24722808879
2018,9,Bedok,4447.837670088492
2018,9,Bishan,6107.465963892187
2018,9,Bukit Batok,3920.7473453049315
2018,9,Bukit Merah,6239.743711510481
2018,9,Bukit Panjang,4074.3228561533006
2018,9,Bukit Timah,5941.294829403001
2018,9,Central Area,7862.442583491897
2018,9,Choa Chu Kang,3402.4780331170177
2018,9,Clementi,4971.098754525353
2018,9,Geylang,5156.810223201889
2018,9,Hougang,4153.181257742872
2018,9,Jurong East,4260.484224849501
2018,9,Jurong West,3713.627566647002
2018,9,Kallang/Whampoa,5208.3354710892645
2018,9,Marine Parade,6402.267810458392
2018,9,Pasir Ris,4004.890723115628
2018,9,Punggol,4681.059765780568
2018,9,Queenstown,6330.503266241687
2018,9,Sembawang,3598.273191321083
2018,9,Sengkang,4356.666291876551
2018,9,Serangoon,4822.560340902624
2018,9,Tampines,4426.81022737467
2018,9,Toa Payoh,5290.453310353813
2018,9,Woodlands,3493.3676071881146
2018,9,Yishun,3795.968803670201
2018,10,Ang Mo Kio,4757.486041039941
2018,10,Bedok,4564.197973819554
2018,10,Bishan,5872.46382514466
2018,10,Bukit Batok,3840.5022632153
2018,10,Bukit Merah,6182.257205115929
2018,10,Bukit Panjang,4115.223321144419
2018,10,Bukit Timah,6449.7926679860475
2018,10,Central Area,6848.103931099526
2018,10,Choa Chu Kang,3419.155535151942
2018,10,Clementi,5439.817542919449
2018,10,Geylang,4968.296106828967
2018,10,Hougang,4177.567990594463
2018,10,Jurong East,4197.143491420994
2018,10,Jurong West,3711.124056228783
2018,10,Kallang/Whampoa,5828.269777167543
2018,10,Marine Parade,6113.4602183918
2018,10,Pasir Ris,3974.4270373157847
2018,10,Punggol,4770.25533710601
2018,10,Queenstown,6568.021040844406
2018,10,Sembawang,3526.2708344540424
2018,10,Sengkang,4413.165832780459
2018,10,Serangoon,4767.6855662170265
2018,10,Tampines,4474.966575193764
2018,10,Toa Payoh,5275.988651325095
2018,10,Woodlands,3466.973201785956
2018,10,Yishun,3809.2881277975603
2018,11,Ang Mo Kio,4646.597589717624
2018,11,Bedok,4540.860140503786
2018,11,Bishan,5950.180819386509
2018,11,Bukit Batok,3785.7617790659333
2018,11,Bukit Merah,6449.623165364544
2018,11,Bukit Panjang,4047.97604927834
2018,11,Bukit Timah,6239.828033056677
2018,11,Central Area,7903.893809788405
2018,11,Choa Chu Kang,3523.914496870001
2018,11,Clementi,5496.011483819423
2018,11,Geylang,5422.796054249503
2018,11,Hougang,4215.43574610742
2018,11,Jurong East,4187.627160734082
2018,11,Jurong West,3748.4708468532235
2018,11,Kallang/Whampoa,5542.018292212577
2018,11,Marine Parade,5827.98437866496
2018,11,Pasir Ris,3935.909679958481
2018,11,Punggol,4671.186391583318
2018,11,Queenstown,6266.020136980939
2018,11,Sembawang,3679.439887710526
2018,11,Sengkang,4342.429164451036
2018,11,Serangoon,4691.093649458328
2018,11,Tampines,4479.707206463801
2018,11,Toa Payoh,5574.950243760947
2018,11,Woodlands,3522.830268445558
2018,11,Yishun,3720.881008573954
2018,12,Ang Mo Kio,4822.498685781099
2018,12,Bedok,4564.429685059191
2018,12,Bishan,5688.811148094574
2018,12,Bukit Batok,3903.1630329918257
2018,12,Bukit Merah,6404.968073857351
2018,12,Bukit Panjang,4130.2918108279355
2018,12,Bukit Timah,6563.182913906356
2018,12,Central Area,7413.93729150958
2018,12,Choa Chu Kang,3488.4539210957423
2018,12,Clementi,5092.483349672368
2018,12,Geylang,5009.916166247951
2018,12,Hougang,4179.9148083412065
2018,12,Jurong East,4282.4319581556965
2018,12,Jurong West,3649.748889597994
2018,12,Kallang/Whampoa,5365.108581920231
2018,12,Marine Parade,6340.823687806446
2018,12,Pasir Ris,3971.404056119381
2018,12,Punggol,4797.896646557478
2018,12,Queenstown,6546.559512327362
2018,12,Sembawang,3612.9968710160733
2018,12,Sengkang,4324.744290084121
2018,12,Serangoon,4866.225853466846
2018,12,Tampines,4430.62914413846
2018,12,Toa Payoh,4941.924532725981
2018,12,Woodlands,3480.226960767004
2018,12,Yishun,3848.212079787769
2019,1,Ang Mo Kio,4449.0846180697245
2019,1,Bedok,4571.1449382576775
2019,1,Bishan,5900.788946069243
2019,1,Bukit Batok,3936.406196014127
2019,1,Bukit Merah,6198.251472341218
2019,1,Bukit Panjang,4052.6118068317433
2019,1,Bukit Timah,6263.664272118867
2019,1,Central Area,7872.590415583537
2019,1,Choa Chu Kang,3487.5258104194677
2019,1,Clementi,5267.262813736688
2019,1,Geylang,5125.601172359494
2019,1,Hougang,4038.5383882294905
2019,1,Jurong East,4435.9087677596435
2019,1,Jurong West,3696.4214762804745
2019,1,Kallang/Whampoa,5720.623862325167
2019,1,Marine Parade,5538.30980387463
2019,1,Pasir Ris,4004.6325967524667
2019,1,Punggol,4864.052013709694
2019,1,Queenstown,6852.016824644071
2019,1,Sembawang,3667.5789761971546
2019,1,Sengkang,4418.713390473955
2019,1,Serangoon,4767.56301908885
2019,1,Tampines,4303.216919891836
2019,1,Toa Payoh,5417.649828329763
2019,1,Woodlands,3501.775843074313
2019,1,Yishun,3948.5712334238933
2019,2,Ang Mo Kio,4633.676974132915
2019,2,Bedok,4487.566794152661
2019,2,Bishan,5764.024523010986
2019,2,Bukit Batok,3876.736001228696
2019,2,Bukit Merah,6433.983588760698
2019,2,Bukit Panjang,4148.643015749963
2019,2,Bukit Timah,6425.107786949892
2019,2,Central Area,6525.759689739868
2019,2,Choa Chu Kang,3489.851724512979
2019,2,Clementi,5411.991170691909
2019,2,Geylang,5240.049661367068
2019,2,Hougang,4031.1647220290497
2019,2,Jurong East,4068.458178018163
2019,2,Jurong West,3704.626336367614
2019,2,Kallang/Whampoa,5290.877300429411
2019,2,Marine Parade,5748.716228636329
2019,2,Pasir Ris,3928.6309948699322
2019,2,Punggol,4843.66007669066
2019,2,Queenstown,6353.931942331501
2019,2,Sembawang,3633.648825898152
2019,2,Sengkang,4357.742630801993
2019,2,Serangoon,4827.6437053462905
2019,2,Tampines,4560.561998007853
2019,2,Toa Payoh,5297.757408453278
2019,2,Woodlands,3588.238174945367
2019,2,Yishun,3867.4973314040276
2019,3,Ang Mo Kio,4470.449382689439
2019,3,Bedok,4371.839975830344
2019,3,Bishan,5693.627247089243
2019,3,Bukit Batok,3850.4925361206706
2019,3,Bukit Merah,6149.333150746045
2019,3,Bukit Panjang,4167.698643892891
2019,3,Bukit Timah,6537.815736032562
2019,3,Central Area,6864.953432762398
2019,3,Choa Chu Kang,3419.648927740993
2019,3,Clementi,5055.305515306167
2019,3,Geylang,5016.217086684193
2019,3,Hougang,4091.654414997259
2019,3,Jurong East,4302.462373174677
2019,3,Jurong West,3695.49908828078
2019,3,Kallang/Whampoa,5669.185867980531
2019,3,Marine Parade,5854.817820755816
2019,3,Pasir Ris,3944.756771852448
2019,3,Punggol,5000.629479517335
2019,3,Queenstown,6760.118514964679
2019,3,Sembawang,3711.474830165975
2019,3,Sengkang,4510.8990427024655
2019,3,Serangoon,4753.6123051844415
2019,3,Tampines,4532.85700883584
2019,3,Toa Payoh,5422.338850385521
2019,3,Woodlands,3596.356781220257
2019,3,Yishun,3893.8908122235757
2019,4,Ang Mo Kio,4402.313068598396
2019,4,Bedok,4445.913064862615
2019,4,Bishan,5964.38844430363
2019,4,Bukit Batok,3888.749805953164
2019,4,Bukit Merah,6206.490212058234
2019,4,Bukit Panjang,4242.433013565893
2019,4,Bukit Timah,6411.25472887768
2019,4,Central Area,7592.60719652832
2019,4,Choa Chu Kang,3457.596984729023
2019,4,Clementi,4923.305189787381
2019,4,Geylang,4974.488999671707
2019,4,Hougang,4137.087367008632
2019,4,Jurong East,4232.5490519213545
2019,4,Jurong West,3702.42780547553
2019,4,Kallang/Whampoa,5650.744863529268
2019,4,Marine Parade,5881.610333833663
2019,4,Pasir Ris,3925.102219044917
2019,4,Punggol,4831.129866232204
2019,4,Queenstown,6244.3959093991
2019,4,Sembawang,3698.5323872627664
2019,4,Sengkang,4487.127837109907
2019,4,Serangoon,4865.87765219899
2019,4,Tampines,4448.7949641614205
2019,4,Toa Payoh,5136.469606722032
2019,4,Woodlands,3481.9864738089245
2019,4,Yishun,3967.8410162744467
2019,5,Ang Mo Kio,4646.028370727505
2019,5,Bedok,4328.04042058878
2019,5,Bishan,5743.408429282429
2019,5,Bukit Batok,3833.943296571653
2019,5,Bukit Merah,6204.470639884033
2019,5,Bukit Panjang,4173.362741155125
2019,5,Bukit Timah,6431.9059994253175
2019,5,Central Area,7101.487867446407
2019,5,Choa Chu Kang,3433.2808335926106
2019,5,Clementi,4982.087004476563
2019,5,Geylang,4981.77028055592
2019,5,Hougang,4204.610012603447
2019,5,Jurong East,4031.9681586421916
2019,5,Jurong West,3736.405619347468
2019,5,Kallang/Whampoa,5609.0804881723925
2019,5,Marine Parade,5679.261040974344
2019,5,Pasir Ris,3909.808859166731
2019,5,Punggol,4848.882257194975
2019,5,Queenstown,6532.089833309237
2019,5,Sembawang,3776.2012901060048
2019,5,Sengkang,4462.646230648649
2019,5,Serangoon,4702.575944530203
2019,5,Tampines,4484.555538984216
2019,5,Toa Payoh,5290.640730739373
2019,5,Woodlands,3566.9155123311707
2019,5,Yishun,3903.6998632333075
2019,6,Ang Mo Kio,4218.456212401354
2019,6,Bedok,4388.933279706911
2019,6,Bishan,5724.616262215834
2019,6,Bukit Batok,3766.5720341334722
2019,6,Bukit Merah,6463.137189452679
2019,6,Bukit Panjang,4220.36357827899
2019,6,Bukit Timah,6236.199243379571
2019,6,Central Area,7281.934160490412
2019,6,Choa Chu Kang,3439.782501930222
2019,6,Clementi,5140.427443746613
2019,6,Geylang,4861.501134567408
2019,6,Hougang,4209.826733602874
2019,6,Jurong East,4114.382013097815
2019,6,Jurong West,3757.1957936042836
2019,6,Kallang/Whampoa,5836.010540552579
2019,6,Marine Parade,5797.901648412084
2019,6,Pasir Ris,4077.0702914827807
2019,6,Punggol,4785.286535269677
2019,6,Queenstown,6688.290211037855
2019,6,Sembawang,3769.1965408222864
2019,6,Sengkang,4549.544891381299
2019,6,Serangoon,4832.033866871055
2019,6,Tampines,4567.741855576681
2019,6,Toa Payoh,5282.734641560245
2019,6,Woodlands,3498.7544469368213
2019,6,Yishun,4052.955453805665
2019,7,Ang Mo Kio,4286.241631196301
2019,7,Bedok,4344.53233286369
2019,7,Bishan,6013.404590980488
2019,7,Bukit Batok,3802.96798619586
2019,7,Bukit Merah,6382.578867477627
2019,7,Bukit Panjang,4049.5031405235854
2019,7,Bukit Timah,6388.057748449619
2019,7,Central Area,7740.281410436709
2019,7,Choa Chu Kang,3502.776481347854
2019,7,Clementi,5209.469001538735
2019,7,Geylang,4677.119664277064
2019,7,Hougang,4305.528472847254
2019,7,Jurong East,4011.9523859706333
2019,7,Jurong West,3821.9238979620886
2019,7,Kallang/Whampoa,5697.8665931649675
2019,7,Marine Parade,5815.094025194077
2019,7,Pasir Ris,3978.9938487405316
2019,7,Punggol,4882.069493705914
2019,7,Queenstown,6557.11287831562
2019,7,Sembawang,3721.717986003472
2019,7,Sengkang,4547.835255236786
2019,7,Serangoon,4738.3753259191935
2019,7,Tampines,4519.855266099198
2019,7,Toa Payoh,4760.0420661045
2019,7,Woodlands,3561.109304494408
2019,7,Yishun,4005.9195288753344
2019,8,Ang Mo Kio,4476.301177463288
2019,8,Bedok,4344.231829701758
2019,8,Bishan,5913.490261781546
2019,8,Bukit Batok,3876.3283204897893
2019,8,Bukit Merah,6197.573528498727
2019,8,Bukit Panjang,4141.603833840196
2019,8,Bukit Timah,6580.226993326309
2019,8,Central Area,7846.421623095767
2019,8,Choa Chu Kang,3464.518674527577
2019,8,Clementi,5014.895040525253
2019,8,Geylang,5145.514398420026
2019,8,Hougang,4298.387847670051
2019,8,Jurong East,4052.683635723069
2019,8,Jurong West,3749.2092224564967
2019,8,Kallang/Whampoa,5501.1511840311805
2019,8,Marine Parade,5875.208736429641
2019,8,Pasir Ris,4039.03387841207
2019,8,Punggol,4965.43975906473
2019,8,Queenstown,6156.128389367781
2019,8,Sembawang,3866.3041095976287
2019,8,Sengkang,4675.4980807290285
2019,8,Serangoon,4780.790822468122
2019,8,Tampines,4602.871385685225
2019,8,Toa Payoh,4988.966775828491
2019,8,Woodlands,3570.378515027812
2019,8,Yishun,4084.9923679333688
2019,9,Ang Mo Kio,4593.8750628158205
2019,9,Bedok,4505.734228646953
2019,9,Bishan,5823.555971694538
2019,9,Bukit Batok,3891.578870355246
2019,9,Bukit Merah,6477.7055669553265
2019,9,Bukit Panjang,4160.1997395563585
2019,9,Bukit Timah,6349.894528823264
2019,9,Central Area,7546.551396801307
2019,9,Choa Chu Kang,3434.2218519054313
2019,9,Clementi,5075.93608692064
2019,9,Geylang,4985.697179193943
2019,9,Hougang,4142.080762857425
2019,9,Jurong East,4119.385257327852
2019,9,Jurong West,3851.1631039819586
2019,9,Kallang/Whampoa,5530.1030859491775
2019,9,Marine Parade,5137.796473989265
2019,9,Pasir Ris,4171.475557977575
2019,9,Punggol,4824.239013801679
2019,9,Queenstown,6465.497379043212
2019,9,Sembawang,3803.432748569153
2019,9,Sengkang,4609.945497752064
2019,9,Serangoon,4807.443369471809
2019,9,Tampines,4540.756247337861
2019,9,Toa Payoh,4898.907098703032
2019,9,Woodlands,3613.7098569289083
2019,9,Yishun,3988.4381155076444
2019,10,Ang Mo Kio,4571.850278070099
2019,10,Bedok,4414.5956357707055
2019,10,Bishan,5496.522171481039
2019,10,Bukit Batok,3874.1942705159745
2019,10,Bukit Merah,5872.52612248154
2019,10,Bukit Panjang,4172.131975270533
2019,10,Bukit Timah,6173.494678976219
2019,10,Central Area,7020.366190879398
2019,10,Choa Chu Kang,3511.509196231997
2019,10,Clementi,5002.9901561837005
2019,10,Geylang,4894.119852369903
2019,10,Hougang,4163.598252491464
2019,10,Jurong East,4135.09360657858
2019,10,Jurong West,3767.02030667708
2019,10,Kallang/Whampoa,5923.610324749145
2019,10,Marine Parade,6249.498315959344
2019,10,Pasir Ris,4330.791285376351
2019,10,Punggol,4750.785724433075
2019,10,Queenstown,6163.36146299835
2019,10,Sembawang,3860.4581363831535
2019,10,Sengkang,4674.246266880755
2019,10,Serangoon,4895.584387292625
2019,10,Tampines,4767.959745765295
2019,10,Toa Payoh,5321.400054460946
2019,10,Woodlands,3539.041908287795
2019,10,Yishun,4072.9713026773275
2019,11,Ang Mo Kio,4604.015518213952
2019,11,Bedok,4434.364085279516
2019,11,Bishan,5640.487841525186
2019,11,Bukit Batok,3729.72889098717
2019,11,Bukit Merah,6278.826723067846
2019,11,Bukit Panjang,4340.0804222372035
2019,11,Bukit Timah,6604.15177749125
2019,11,Central Area,7713.703521369894
2019,11,Choa Chu Kang,3579.933115711882
2019,11,Clementi,5116.824924764022
2019,11,Geylang,5043.95581457827
2019,11,Hougang,4196.862479559883
2019,11,Jurong East,4152.984259371989
2019,11,Jurong West,3845.257440144082
2019,11,Kallang/Whampoa,5995.880152603556
2019,11,Marine Parade,5527.262834825617
2019,11,Pasir Ris,4445.669106985038
2019,11,Punggol,5014.5312753859
2019,11,Queenstown,6360.503639275641
2019,11,Sembawang,3806.822945472613
2019,11,Sengkang,4631.853694689646
2019,11,Serangoon,4591.7007020050905
2019,11,Tampines,4678.598988570871
2019,11,Toa Payoh,4821.221780024037
2019,11,Woodlands,3564.142808871943
2019,11,Yishun,3947.804046476973
2019,12,Ang Mo Kio,4244.515846658892
2019,12,Bedok,4337.439896506466
2019,12,Bishan,5736.936625887389
2019,12,Bukit Batok,3932.8248461803278
2019,12,Bukit Merah,6420.241652820267
2019,12,Bukit Panjang,4313.601478872985
2019,12,Bukit Timah,6551.247748697064
2019,12,Central Area,7316.1844139844325
2019,12,Choa Chu Kang,3518.326222619494
2019,12,Clementi,4875.026893400763
2019,12,Geylang,4570.699844049204
2019,12,Hougang,4454.212774780021
2019,12,Jurong East,4057.5909790868905
2019,12,Jurong West,3981.1806404055674
2019,12,Kallang/Whampoa,5645.859406399032
2019,12,Marine Parade,5431.009697465089
2019,12,Pasir Ris,4472.014218111864
2019,12,Punggol,4901.865482908785
2019,12,Queenstown,6426.953953159297
2019,12,Sembawang,3884.734212449976
2019,12,Sengkang,4562.119016063685
2019,12,Serangoon,4792.399124726225
2019,12,Tampines,4748.968060257299
2019,12,Toa Payoh,4924.1983596879645
2019,12,Woodlands,3548.6747139535987
2019,12,Yishun,3955.4480074760327
2020,1,Ang Mo Kio,4442.90513825387
2020,1,Bedok,4411.103792442108
2020,1,Bishan,5646.226736790154
2020,1,Bukit Batok,3874.968750842833
2020,1,Bukit Merah,6968.755177694606
2020,1,Bukit Panjang,4282.376772834544
2020,1,Bukit Timah,6333.708499673198
2020,1,Central Area,6085.527615773585
2020,1,Choa Chu Kang,3458.4949028008527
2020,1,Clementi,5952.659369227731
2020,1,Geylang,4590.007178857719
2020,1,Hougang,4342.940780797681
2020,1,Jurong East,4109.793876935676
2020,1,Jurong West,3779.8760109998466
2020,1,Kallang/Whampoa,5409.2832582531955
2020,1,Marine Parade,5179.023738098344
2020,1,Pasir Ris,4607.172196095732
2020,1,Punggol,4949.3046448007235
2020,1,Queenstown,6030.38073582577
2020,1,Sembawang,3860.351009791512
2020,1,Sengkang,4517.86709049027
2020,1,Serangoon,4819.234890966648
2020,1,Tampines,4612.490291991919
2020,1,Toa Payoh,4804.181405767424
2020,1,Woodlands,3594.752961178264
2020,1,Yishun,4030.3700288701984
2020,2,Ang Mo Kio,4631.861327426029
2020,2,Bedok,4417.616901947198
2020,2,Bishan,5613.788218402853
2020,2,Bukit Batok,3759.048087706503
2020,2,Bukit Merah,6339.021410268549
2020,2,Bukit Panjang,4331.126267858881
2020,2,Central Area,7039.943000992956
2020,2,Choa Chu Kang,3539.989405949509
2020,2,Clementi,6109.818538542124
2020,2,Geylang,4647.391612211741
2020,2,Hougang,4426.7765742425445
2020,2,Jurong East,3793.712892215999
2020,2,Jurong West,3858.9656894654495
2020,2,Kallang/Whampoa,5241.1334301686475
2020,2,Marine Parade,5563.828655722275
2020,2,Pasir Ris,4373.585849639067
2020,2,Punggol,4892.578796732157
2020,2,Queenstown,6744.273746019363
2020,2,Sembawang,3852.3978889815457
2020,2,Sengkang,4634.924100031555
2020,2,Serangoon,4428.3254515645785
2020,2,Tampines,4702.718514556092
2020,2,Toa Payoh,5005.587205626725
2020,2,Woodlands,3636.9336345526945
2020,2,Yishun,4005.9168963503403
2020,3,Ang Mo Kio,4575.529714716048
2020,3,Bedok,4455.190609520402
2020,3,Bishan,5596.683799285237
2020,3,Bukit Batok,3847.1460228441156
2020,3,Bukit Merah,6275.264950844716
2020,3,Bukit Panjang,4312.649406190381
2020,3,Bukit Timah,6769.857181326188
2020,3,Central Area,6629.7112934035595
2020,3,Choa Chu Kang,3521.044811132238
2020,3,Clementi,6185.222490607328
2020,3,Geylang,4589.019597086208
2020,3,Hougang,4564.80352128937
2020,3,Jurong East,4228.295846479814
2020,3,Jurong West,3881.146100309747
2020,3,Kallang/Whampoa,5314.005379911694
2020,3,Marine Parade,5548.442163514913
2020,3,Pasir Ris,4483.793088180781
2020,3,Punggol,4940.5018860349865
2020,3,Queenstown,5896.145080703903
2020,3,Sembawang,3878.2944926856776
2020,3,Sengkang,4598.521146389036
2020,3,Serangoon,4723.489129159138
2020,3,Tampines,4667.90100083886
2020,3,Toa Payoh,5284.659382140774
2020,3,Woodlands,3676.9361170081997
2020,3,Yishun,3979.881250804521
2020,4,Ang Mo Kio,4802.0497306729285
2020,4,Bedok,4158.170478224448
2020,4,Bishan,6214.921251568357
2020,4,Bukit Batok,3778.8215741865565
2020,4,Bukit Merah,5988.911537086316
2020,4,Bukit Panjang,4336.557183577176
2020,4,Bukit Timah,5953.496755587599
2020,4,Choa Chu Kang,3976.154106276739
2020,4,Clementi,5854.892288924573
2020,4,Geylang,4156.339985982935
2020,4,Hougang,4320.546226438683
2020,4,Jurong East,4218.595162551263
2020,4,Jurong West,3959.7543854849937
2020,4,Kallang/Whampoa,5160.7791076855865
2020,4,Marine Parade,5315.78947368421
2020,4,Pasir Ris,4400.733626303743
2020,4,Punggol,5121.134107299838
2020,4,Queenstown,7578.10201473997
2020,4,Sembawang,3729.441209698559
2020,4,Sengkang,4509.726274461961
2020,4,Serangoon,5011.97393678737
2020,4,Tampines,4601.6170100373465
2020,4,Toa Payoh,4352.557755855697
2020,4,Woodlands,3616.939830910462
2020,4,Yishun,4065.9640014494007
2020,5,Ang Mo Kio,4566.330401977248
2020,5,Bedok,4382.958710361591
2020,5,Bishan,5198.031135531135
2020,5,Bukit Batok,3815.482647478156
2020,5,Bukit Merah,6829.657597175572
2020,5,Bukit Panjang,4083.4321509903266
2020,5,Bukit Timah,6563.051702395965
2020,5,Central Area,6632.985658409387
2020,5,Choa Chu Kang,3817.309503257908
2020,5,Clementi,5299.402146620482
2020,5,Geylang,4783.4417587842245
2020,5,Hougang,5034.812438822842
2020,5,Jurong East,3875.8942478489794
2020,5,Jurong West,4210.067529507538
2020,5,Kallang/Whampoa,4883.898201718835
2020,5,Marine Parade,6178.861788617886
2020,5,Pasir Ris,4428.583092417283
2020,5,Punggol,5177.083322313119
2020,5,Queenstown,6345.801863474966
2020,5,Sembawang,3517.0997913030146
2020,5,Sengkang,4475.766449279165
2020,5,Serangoon,5270.919958419958
2020,5,Tampines,4370.606749049879
2020,5,Toa Payoh,4680.466139732424
2020,5,Woodlands,3523.1464664583464
2020,5,Yishun,4166.87094670682
2020,6,Ang Mo Kio,4525.179924123397
2020,6,Bedok,4406.8961247996895
2020,6,Bishan,5758.606340083142
2020,6,Bukit Batok,3924.8711231938028
2020,6,Bukit Merah,6109.67274693258
2020,6,Bukit Panjang,4302.843664245772
2020,6,Bukit Timah,6163.0742300254815
2020,6,Central Area,7067.23132160661
2020,6,Choa Chu Kang,3688.949607524225
2020,6,Clementi,4681.521700592129
2020,6,Geylang,4904.178281528397
2020,6,Hougang,4502.122238889258
2020,6,Jurong East,3981.329744339244
2020,6,Jurong West,3749.1834584925964
2020,6,Kallang/Whampoa,5277.821945631093
2020,6,Marine Parade,5875.371426620037
2020,6,Pasir Ris,4354.173578141629
2020,6,Punggol,4869.440985729532
2020,6,Queenstown,6960.952145863293
2020,6,Sembawang,3796.6223469102433
2020,6,Sengkang,4616.891274508221
2020,6,Serangoon,4738.696870174236
2020,6,Tampines,4662.095560507382
2020,6,Toa Payoh,5440.8620286621435
2020,6,Woodlands,3569.54429755096
2020,6,Yishun,4028.462395534423
2020,7,Ang Mo Kio,4509.989747373047
2020,7,Bedok,4544.892668861509
2020,7,Bishan,5851.5720793827
2020,7,Bukit Batok,3907.5376201652066
2020,7,Bukit Merah,6152.323948083905
2020,7,Bukit Panjang,4488.086002830333
2020,7,Bukit Timah,6454.293993677556
2020,7,Central Area,7594.439545292044
2020,7,Choa Chu Kang,3842.1446749264674
2020,7,Clementi,5823.621227313403
2020,7,Geylang,4672.91691162325
2020,7,Hougang,4493.164735115653
2020,7,Jurong East,4058.3695065007487
2020,7,Jurong West,3978.025990874472
2020,7,Kallang/Whampoa,5368.076375549906
2020,7,Marine Parade,5669.929028339218
2020,7,Pasir Ris,4491.943143479157
2020,7,Punggol,5019.988233867934
2020,7,Queenstown,6806.544981708758
2020,7,Sembawang,3834.8863134627354
2020,7,Sengkang,4670.921603780659
2020,7,Serangoon,4682.338013716225
2020,7,Tampines,4528.227542186816
2020,7,Toa Payoh,4511.850905553411
2020,7,Woodlands,3644.0503201529777
2020,7,Yishun,4029.7665412975985
2020,8,Ang Mo Kio,4651.034070819583
2020,8,Bedok,4601.951444232257
2020,8,Bishan,5799.90204279806
2020,8,Bukit Batok,3947.165918156656
2020,8,Bukit Merah,6010.852610833174
2020,8,Bukit Panjang,4425.7236131519585
2020,8,Bukit Timah,6692.913385826771
2020,8,Central Area,6846.183584498917
2020,8,Choa Chu Kang,3810.7098788172502
2020,8,Clementi,5546.255609929067
2020,8,Geylang,4865.045279005782
2020,8,Hougang,4510.2513006188865
2020,8,Jurong East,4061.4325646549587
2020,8,Jurong West,3900.5676306121695
2020,8,Kallang/Whampoa,5381.98581744958
2020,8,Marine Parade,5697.043741925433
2020,8,Pasir Ris,4294.688170734266
2020,8,Punggol,5008.353294670199
2020,8,Queenstown,6905.124053328053
2020,8,Sembawang,3893.721247040157
2020,8,Sengkang,4596.527929769486
2020,8,Serangoon,4905.123482233638
2020,8,Tampines,4686.472706255773
2020,8,Toa Payoh,4717.36913543059
2020,8,Woodlands,3689.3866545136807
2020,8,Yishun,4058.274770200847
2020,9,Ang Mo Kio,4575.855452038161
2020,9,Bedok,4624.748481523241
2020,9,Bishan,5594.524724539283
2020,9,Bukit Batok,3956.144721799987
2020,9,Bukit Merah,6743.235518360654
2020,9,Bukit Panjang,4439.266328177829
2020,9,Bukit Timah,6247.990669764938
2020,9,Central Area,7604.2255722446125
2020,9,Choa Chu Kang,3931.96932696261
2020,9,Clementi,5599.751205044033
2020,9,Geylang,5481.314525975781
2020,9,Hougang,4531.37767279552
2020,9,Jurong East,4194.079620805852
2020,9,Jurong West,4096.579601191671
2020,9,Kallang/Whampoa,5388.168862176576
2020,9,Marine Parade,5488.942296033676
2020,9,Pasir Ris,4405.960816624791
2020,9,Punggol,5012.31870097972
2020,9,Queenstown,7560.486715915787
2020,9,Sembawang,3815.802920037696
2020,9,Sengkang,4602.742186528233
2020,9,Serangoon,4971.573144281548
2020,9,Tampines,4683.033872465339
2020,9,Toa Payoh,5138.017289950834
2020,9,Woodlands,3725.666398859687
2020,9,Yishun,4122.432250641244
2020,10,Ang Mo Kio,4769.739505167976
2020,10,Bedok,4879.016774441109
2020,10,Bishan,5921.307174319706
2020,10,Bukit Batok,4151.394856803942
2020,10,Bukit Merah,6585.156032027439
2020,10,Bukit Panjang,4644.412755175783
2020,10,Bukit Timah,6105.549466182569
2020,10,Central Area,7166.653813106867
2020,10,Choa Chu Kang,3933.985723117179
2020,10,Clementi,6081.913242604193
2020,10,Geylang,5743.358787691825
2020,10,Hougang,4522.507460165908
2020,10,Jurong East,4384.476210698118
2020,10,Jurong West,4037.391540730292
2020,10,Kallang/Whampoa,5219.62222023628
2020,10,Marine Parade,6027.352039516111
2020,10,Pasir Ris,4487.388654004339
2020,10,Punggol,5036.053760830791
2020,10,Queenstown,7434.045880015714
2020,10,Sembawang,3910.014332584218
2020,10,Sengkang,4644.286844692263
2020,10,Serangoon,4786.510840994606
2020,10,Tampines,4716.615548985704
2020,10,Toa Payoh,5293.298774051961
2020,10,Woodlands,3838.911442626287
2020,10,Yishun,4246.637868424836
2020,11,Ang Mo Kio,4712.559157160891
2020,11,Bedok,4700.1682453131325
2020,11,Bishan,5548.207665546471
2020,11,Bukit Batok,4137.418055674816
2020,11,Bukit Merah,6313.670029695244
2020,11,Bukit Panjang,4528.637435628913
2020,11,Bukit Timah,6386.574074074074
2020,11,Central Area,8013.875654648428
2020,11,Choa Chu Kang,4141.828614607793
2020,11,Clementi,5872.081110153534
2020,11,Geylang,5621.706822080032
2020,11,Hougang,4479.3298877677635
2020,11,Jurong East,4641.045984024999
2020,11,Jurong West,4137.302776351335
2020,11,Kallang/Whampoa,5596.6434326775225
2020,11,Marine Parade,5418.153365487661
2020,11,Pasir Ris,4481.440194185843
2020,11,Punggol,5058.132012217257
2020,11,Queenstown,7318.648669625124
2020,11,Sembawang,3956.2260812008417
2020,11,Sengkang,4611.726743986372
2020,11,Serangoon,4953.762365849638
2020,11,Tampines,4781.427088748549
2020,11,Toa Payoh,4967.839933875826
2020,11,Woodlands,3784.223607336009
2020,11,Yishun,4272.655799319155
2020,12,Ang Mo Kio,4802.031864483417
2020,12,Bedok,4830.307963273747
2020,12,Bishan,5855.99421363605
2020,12,Bukit Batok,4209.077429520576
2020,12,Bukit Merah,6247.528488762556
2020,12,Bukit Panjang,4546.961495030752
2020,12,Bukit Timah,6512.343764971044
2020,12,Central Area,6362.254989672105
2020,12,Choa Chu Kang,4130.4012707704605
2020,12,Clementi,5763.417172297107
2020,12,Geylang,5339.820287977325
2020,12,Hougang,4585.102236517592
2020,12,Jurong East,4476.35701617896
2020,12,Jurong West,4246.655123306414
2020,12,Kallang/Whampoa,5576.18187168657
2020,12,Marine Parade,5730.8269688636265
2020,12,Pasir Ris,4561.404971108688
2020,12,Punggol,5141.491886364417
2020,12,Queenstown,7608.9475302095425
2020,12,Sembawang,3942.026100822717
2020,12,Sengkang,4698.487860172514
2020,12,Serangoon,4876.1973383394725
2020,12,Tampines,4715.280402529358
2020,12,Toa Payoh,5161.603269538929
2020,12,Woodlands,3954.101993829004
2020,12,Yishun,4335.150493150146
2021,1,Ang Mo Kio,4956.238581841158
2021,1,Bedok,4893.1975334815115
2021,1,Bishan,5952.394381112741
2021,1,Bukit Batok,4213.317108494823
2021,1,Bukit Merah,6396.445238497907
2021,1,Bukit Panjang,4628.044753159268
2021,1,Bukit Timah,6160.370514792844
2021,1,Central Area,6929.008362091146
2021,1,Choa Chu Kang,4193.355537461605
2021,1,Clementi,5942.991905151947
2021,1,Geylang,5550.876649314927
2021,1,Hougang,4607.427736990865
2021,1,Jurong East,4680.518389598169
2021,1,Jurong West,4123.085240458611
2021,1,Kallang/Whampoa,5592.018998096806
2021,1,Marine Parade,6162.302331814527
2021,1,Pasir Ris,4506.354483282818
2021,1,Punggol,5177.040352798007
2021,1,Queenstown,7426.71624096914
2021,1,Sembawang,4219.2053600932
2021,1,Sengkang,4795.376017858658
2021,1,Serangoon,4969.899966976378
2021,1,Tampines,4665.652842758675
2021,1,Toa Payoh,5292.3328172679285
2021,1,Woodlands,4071.5241379070403
2021,1,Yishun,4368.891651455508
2021,2,Ang Mo Kio,4714.2790524292295
2021,2,Bedok,4934.151269699341
2021,2,Bishan,6026.490425514187
2021,2,Bukit Batok,4349.306845820106
2021,2,Bukit Merah,6421.915923358093
2021,2,Bukit Panjang,4878.4028288262925
2021,2,Bukit Timah,6582.35461003659
2021,2,Central Area,8333.343760488282
2021,2,Choa Chu Kang,4329.37576810639
2021,2,Clementi,6167.02435032768
2021,2,Geylang,5586.541964756644
2021,2,Hougang,4596.523641998299
2021,2,Jurong East,4646.83388940411
2021,2,Jurong West,4301.968115516627
2021,2,Kallang/Whampoa,5481.87089516699
2021,2,Marine Parade,5820.3039540305
2021,2,Pasir Ris,4633.735906780052
2021,2,Punggol,5172.14027287895
2021,2,Queenstown,7323.887450484693
2021,2,Sembawang,4269.818910736853
2021,2,Sengkang,4767.895978882043
2021,2,Serangoon,5109.190142964677
2021,2,Tampines,4817.002563700692
2021,2,Toa Payoh,6081.584568218648
2021,2,Woodlands,4033.728131106764
2021,2,Yishun,4374.452032530108
2021,3,Ang Mo Kio,4859.467806185017
2021,3,Bedok,5120.451203737889
2021,3,Bishan,5909.691187925229
2021,3,Bukit Batok,4409.227147571101
2021,3,Bukit Merah,6861.446051134637
2021,3,Bukit Panjang,4631.463159746986
2021,3,Bukit Timah,6784.54988831355
2021,3,Central Area,7843.9575180979355
2021,3,Choa Chu Kang,4411.948565083695
2021,3,Clementi,5773.966147717946
2021,3,Geylang,5241.377098936481
2021,3,Hougang,4822.659577918691
2021,3,Jurong East,4561.123455404335
2021,3,Jurong West,4282.715284953773
2021,3,Kallang/Whampoa,5959.491031110636
2021,3,Marine Parade,5832.558369200319
2021,3,Pasir Ris,4783.831696405022
2021,3,Punggol,5218.052432898362
2021,3,Queenstown,7464.528206809704
2021,3,Sembawang,4310.020739105938
2021,3,Sengkang,4846.695149251556
2021,3,Serangoon,5221.650826894837
2021,3,Tampines,4977.619495479345
2021,3,Toa Payoh,5739.247237321253
2021,3,Woodlands,4127.669744224478
2021,3,Yishun,4445.381136173057
2021,4,Ang Mo Kio,4874.729849436718
2021,4,Bedok,5067.698654454405
2021,4,Bishan,5931.111448329004
2021,4,Bukit Batok,4367.656078934473
2021,4,Bukit Merah,6611.331523232691
2021,4,Bukit Panjang,4692.523541946303
2021,4,Bukit Timah,6314.567510115456
2021,4,Central Area,8224.228680409971
2021,4,Choa Chu Kang,4477.703885391829
2021,4,Clementi,5827.4360631285035
2021,4,Geylang,5750.254512675328
2021,4,Hougang,4925.194287359311
2021,4,Jurong East,4675.902668319568
2021,4,Jurong West,4399.868773597421
2021,4,Kallang/Whampoa,5605.671837056477
2021,4,Marine Parade,6043.993641607668
2021,4,Pasir Ris,4802.343829117582
2021,4,Punggol,5222.107937699671
2021,4,Queenstown,7629.423803724668
2021,4,Sembawang,4433.1493875583365
2021,4,Sengkang,4909.337525281604
2021,4,Serangoon,5228.22474200487
2021,4,Tampines,5153.390767295923
2021,4,Toa Payoh,5687.305347375149
2021,4,Woodlands,4153.778791795946
2021,4,Yishun,4570.748665173762
2021,5,Ang Mo Kio,5146.337606775683
2021,5,Bedok,5024.890762310736
2021,5,Bishan,6288.451270666762
2021,5,Bukit Batok,4590.332422159896
2021,5,Bukit Merah,7024.169488098995
2021,5,Bukit Panjang,4957.908045932126
2021,5,Bukit Timah,6424.559431297265
2021,5,Central Area,8758.607421967827
2021,5,Choa Chu Kang,4675.562975716763
2021,5,Clementi,6746.105518632074
2021,5,Geylang,6001.645463549021
2021,5,Hougang,4938.592102489837
2021,5,Jurong East,4585.628862222692
2021,5,Jurong West,4509.803236521322
2021,5,Kallang/Whampoa,5795.722983719823
2021,5,Marine Parade,5928.34366313008
2021,5,Pasir Ris,4823.79173364473
2021,5,Punggol,5251.743395950193
2021,5,Queenstown,7768.59869065476
2021,5,Sembawang,4339.783035530564
2021,5,Sengkang,5022.5485836255775
2021,5,Serangoon,5047.491425297049
2021,5,Tampines,5133.785470998259
2021,5,Toa Payoh,5928.987082633967
2021,5,Woodlands,4269.132289471849
2021,5,Yishun,4651.862466171787
2021,6,Ang Mo Kio,4815.681537910416
2021,6,Bedok,5017.38777623806
2021,6,Bishan,6032.613172633448
2021,6,Bukit Batok,4675.689247373993
2021,6,Bukit Merah,6491.106971290333
2021,6,Bukit Panjang,4707.395858314431
2021,6,Bukit Timah,6700.279503583181
2021,6,Central Area,8346.14414303625
2021,6,Choa Chu Kang,4592.195205441625
2021,6,Clementi,5912.14348982836
2021,6,Geylang,5585.829623199949
2021,6,Hougang,4936.715951411451
2021,6,Jurong East,4810.878241208325
2021,6,Jurong West,4520.65669410912
2021,6,Kallang/Whampoa,6121.568897513007
2021,6,Marine Parade,6326.494162571601
2021,6,Pasir Ris,4850.0946734352265
2021,6,Punggol,5299.396996641067
2021,6,Queenstown,7863.164311542394
2021,6,Sembawang,4341.037793582673
2021,6,Sengkang,5027.4703244054335
2021,6,Serangoon,5650.443961166485
2021,6,Tampines,4909.381132911666
2021,6,Toa Payoh,5924.951536997545
2021,6,Woodlands,4312.166278757784
2021,6,Yishun,4714.059262090963
2021,7,Ang Mo Kio,5119.239585687278
2021,7,Bedok,5099.429140811449
2021,7,Bishan,6010.005816045485
2021,7,Bukit Batok,4702.073955590748
2021,7,Bukit Merah,6735.0539657721265
2021,7,Bukit Panjang,4892.7090432874365
2021,7,Bukit Timah,6701.79406027634
2021,7,Central Area,7986.295239410209
2021,7,Choa Chu Kang,4598.44761999909
2021,7,Clementi,6467.801500482936
2021,7,Geylang,5594.71248255437
2021,7,Hougang,4999.594946282863
2021,7,Jurong East,4653.317130242839
2021,7,Jurong West,4515.1836086518615
2021,7,Kallang/Whampoa,6043.824309472753
2021,7,Marine Parade,6119.042318585029
2021,7,Pasir Ris,4967.825072125495
2021,7,Punggol,5341.178671229767
2021,7,Queenstown,7459.3703339896065
2021,7,Sembawang,4351.327086884375
2021,7,Sengkang,5057.173191112076
2021,7,Serangoon,5341.239976605395
2021,7,Tampines,5017.037379950643
2021,7,Toa Payoh,5526.684484709819
2021,7,Woodlands,4343.509153450989
2021,7,Yishun,4671.802001561059
2021,8,Ang Mo Kio,5201.63224501742
2021,8,Bedok,5263.378731989841
2021,8,Bishan,6212.348927708183
2021,8,Bukit Batok,4891.231129976011
2021,8,Bukit Merah,6927.621878990954
2021,8,Bukit Panjang,4939.208717373971
2021,8,Bukit Timah,7062.885815967362
2021,8,Central Area,8811.852539588095
2021,8,Choa Chu Kang,4743.232691842117
2021,8,Clementi,6689.457860940686
2021,8,Geylang,5791.466772815203
2021,8,Hougang,4998.931884852814
2021,8,Jurong East,4886.833266817455
2021,8,Jurong West,4565.790606700782
2021,8,Kallang/Whampoa,6296.892107497952
2021,8,Marine Parade,6069.04810774132
2021,8,Pasir Ris,4853.526342583733
2021,8,Punggol,5363.951191673795
2021,8,Queenstown,7390.411802302723
2021,8,Sembawang,4535.262816880573
2021,8,Sengkang,5199.141786192737
2021,8,Serangoon,5222.1099103048755
2021,8,Tampines,5074.541952549475
2021,8,Toa Payoh,5453.72850377009
2021,8,Woodlands,4399.675398616143
2021,8,Yishun,4693.120040080871
2021,9,Ang Mo Kio,5025.271770067219
2021,9,Bedok,5085.472415849421
2021,9,Bishan,6249.384498489653
2021,9,Bukit Batok,4964.995621283725
2021,9,Bukit Merah,7288.842213779584
2021,9,Bukit Panjang,4985.884284622573
2021,9,Bukit Timah,6478.037465464832
2021,9,Central Area,7720.83678690571
2021,9,Choa Chu Kang,4774.892764104975
2021,9,Clementi,6468.263084186819
2021,9,Geylang,6046.51406605787
2021,9,Hougang,5059.05066459841
2021,9,Jurong East,4746.631145547132
2021,9,Jurong West,4606.3141668060625
2021,9,Kallang/Whampoa,6350.702687003693
2021,9,Marine Parade,6039.205257445665
2021,9,Pasir Ris,4986.332288954942
2021,9,Punggol,5381.42776567834
2021,9,Queenstown,7611.286654144897
2021,9,Sembawang,4579.451183323439
2021,9,Sengkang,5173.278568783849
2021,9,Serangoon,5325.719208872206
2021,9,Tampines,5221.8397776697275
2021,9,Toa Payoh,5669.182947815444
2021,9,Woodlands,4474.078245194779
2021,9,Yishun,4720.179446886365
2021,10,Ang Mo Kio,5124.434250260739
2021,10,Bedok,5305.157292965654
2021,10,Bishan,6384.510566145081
2021,10,Bukit Batok,5003.652067358323
2021,10,Bukit Merah,6815.917457272719
2021,10,Bukit Panjang,4938.223717283137
2021,10,Bukit Timah,6398.613935277321
2021,10,Central Area,8733.018756096293
2021,10,Choa Chu Kang,4751.221845867933
2021,10,Clementi,6532.405169236112
2021,10,Geylang,5757.277020577235
2021,10,Hougang,4995.071625116503
2021,10,Jurong East,4858.817644996843
2021,10,Jurong West,4756.177904079065
2021,10,Kallang/Whampoa,6640.148223216068
2021,10,Marine Parade,6135.615476356431
2021,10,Pasir Ris,5036.515023586325
2021,10,Punggol,5472.165354001588
2021,10,Queenstown,7427.699709958724
2021,10,Sembawang,4626.890563177008
2021,10,Sengkang,5188.535358850452
2021,10,Serangoon,5426.815950093064
2021,10,Tampines,5166.069058453199
2021,10,Toa Payoh,5693.11865557467
2021,10,Woodlands,4388.3161643947205
2021,10,Yishun,4912.989221152002
2021,11,Ang Mo Kio,5228.338954072207
2021,11,Bedok,5096.198678020497
2021,11,Bishan,6127.221046633384
2021,11,Bukit Batok,4980.034206171189
2021,11,Bukit Merah,7317.0940641002135
2021,11,Bukit Panjang,5094.0455234411
2021,11,Bukit Timah,6365.997531887808
2021,11,Central Area,8874.266946043992
2021,11,Choa Chu Kang,4912.6241530905445
2021,11,Clementi,6537.905371108158
2021,11,Geylang,5821.391239447939
2021,11,Hougang,5293.455165616379
2021,11,Jurong East,5046.127384534574
2021,11,Jurong West,4747.76441756844
2021,11,Kallang/Whampoa,6876.476377925899
2021,11,Marine Parade,6176.4470566764185
2021,11,Pasir Ris,4880.908634536905
2021,11,Punggol,5568.834932108803
2021,11,Queenstown,7171.154622842228
2021,11,Sembawang,4619.188669022296
2021,11,Sengkang,5286.655846060955
2021,11,Serangoon,5474.052565958639
2021,11,Tampines,5142.927644622067
2021,11,Toa Payoh,6160.777943528586
2021,11,Woodlands,4519.570718600072
2021,11,Yishun,4912.167332025536
2021,12,Ang Mo Kio,5503.976496660452
2021,12,Bedok,5219.369604790481
2021,12,Bishan,6471.965214438562
2021,12,Bukit Batok,5022.5288209627215
2021,12,Bukit Merah,7090.322846086988
2021,12,Bukit Panjang,4928.987199788125
2021,12,Bukit Timah,6552.658428641726
2021,12,Central Area,8680.415851513051
2021,12,Choa Chu Kang,4971.100808158075
2021,12,Clementi,7337.462466795334
2021,12,Geylang,5953.915434807492
2021,12,Hougang,5353.7126899331415
2021,12,Jurong East,5117.473745026282
2021,12,Jurong West,4743.383282005837
2021,12,Kallang/Whampoa,6921.928783151932
2021,12,Marine Parade,6377.616595430245
2021,12,Pasir Ris,4865.805126569594
2021,12,Punggol,5539.513417801757
2021,12,Queenstown,7496.222974182535
2021,12,Sembawang,4756.712420311046
2021,12,Sengkang,5335.2169472254445
2021,12,Serangoon,5449.081253679434
2021,12,Tampines,5284.024069694269
2021,12,Toa Payoh,5884.179629069005
2021,12,Woodlands,4604.924402375453
2021,12,Yishun,4969.431221844983
2022,1,Ang Mo Kio,5289.164384009856
2022,1,Bedok,5434.436435363761
2022,1,Bishan,6382.570501253177
2022,1,Bukit Batok,5144.208845336924
2022,1,Bukit Merah,7133.361770891053
2022,1,Bukit Panjang,4999.960108949082
2022,1,Bukit Timah,6649.9685506314045
2022,1,Central Area,8470.83194605524
2022,1,Choa Chu Kang,4884.951552939021
2022,1,Clementi,6275.774049711164
2022,1,Geylang,5705.307191566882
2022,1,Hougang,5329.931425021184
2022,1,Jurong East,4817.210682593711
2022,1,Jurong West,4679.20698417521
2022,1,Kallang/Whampoa,6917.88412331781
2022,1,Marine Parade,6346.160242679448
2022,1,Pasir Ris,5214.469463216063
2022,1,Punggol,5554.363158656137
2022,1,Queenstown,7487.413926009189
2022,1,Sembawang,4965.188436696828
2022,1,Sengkang,5452.591110877671
2022,1,Serangoon,5460.058174905721
2022,1,Tampines,5240.653087734267
2022,1,Toa Payoh,5993.767090571105
2022,1,Woodlands,4654.563232775697
2022,1,Yishun,5006.4109117043245
2022,2,Ang Mo Kio,5274.717769974816
2022,2,Bedok,5140.41369527362
2022,2,Bishan,6310.749525563526
2022,2,Bukit Batok,5337.152260556846
2022,2,Bukit Merah,7573.267227314501
2022,2,Bukit Panjang,4987.920671899709
2022,2,Bukit Timah,7115.302321552322
2022,2,Central Area,8263.990537925054
2022,2,Choa Chu Kang,4850.021694094828
2022,2,Clementi,7006.224841195838
2022,2,Geylang,5722.711570747762
2022,2,Hougang,5219.71236081672
2022,2,Jurong East,4922.497805851592
2022,2,Jurong West,4858.8659991745235
2022,2,Kallang/Whampoa,7408.69449879235
2022,2,Marine Parade,6016.7275749965565
2022,2,Pasir Ris,4994.576993211442
2022,2,Punggol,5597.36317317766
2022,2,Queenstown,7266.355426908338
2022,2,Sembawang,5309.6508988676105
2022,2,Sengkang,5419.9812795344305
2022,2,Serangoon,5814.789046045039
2022,2,Tampines,5343.384434226391
2022,2,Toa Payoh,6027.998800057187
2022,2,Woodlands,4664.038752368796
2022,2,Yishun,5048.412638926975
2022,3,Ang Mo Kio,5699.709827948785
2022,3,Bedok,5086.031823729614
2022,3,Bishan,6526.67773077421
2022,3,Bukit Batok,5173.318793441024
2022,3,Bukit Merah,7073.1350402510525
2022,3,Bukit Panjang,4973.331293217763
2022,3,Bukit Timah,7047.914183188156
2022,3,Central Area,8139.9595577210175
2022,3,Choa Chu Kang,4900.136710895367
2022,3,Clementi,6730.920218078501
2022,3,Geylang,5916.254211823304
2022,3,Hougang,5416.735259905349
2022,3,Jurong East,4998.608076094527
2022,3,Jurong West,4769.077067972381
2022,3,Kallang/Whampoa,7038.539212962229
2022,3,Marine Parade,6272.700501092411
2022,3,Pasir Ris,5129.110668244435
2022,3,Punggol,5698.439357044564
2022,3,Queenstown,7565.40094293318
2022,3,Sembawang,4944.274966621862
2022,3,Sengkang,5377.4098258065505
2022,3,Serangoon,5751.373989468004
2022,3,Tampines,5397.807736557587
2022,3,Toa Payoh,6230.694255651538
2022,3,Woodlands,4708.289702857606
2022,3,Yishun,5174.260152727705
2022,4,Ang Mo Kio,6030.070907558752
2022,4,Bedok,5388.932223673186
2022,4,Bishan,6509.032517694148
2022,4,Bukit Batok,5454.451923614131
2022,4,Bukit Merah,6874.624199056449
2022,4,Bukit Panjang,5215.167759705035
2022,4,Bukit Timah,6728.577164299115
2022,4,Central Area,8702.309959559538
2022,4,Choa Chu Kang,4973.7438494766
2022,4,Clementi,6781.38656942526
2022,4,Geylang,5830.944810464916
2022,4,Hougang,5417.8215437349745
2022,4,Jurong East,5134.251267807621
2022,4,Jurong West,4876.278045846659
2022,4,Kallang/Whampoa,7375.8480937547
2022,4,Marine Parade,6102.083881194373
2022,4,Pasir Ris,5028.990200541408
2022,4,Punggol,5742.0004370974575
2022,4,Queenstown,7926.00519365041
2022,4,Sembawang,5120.607266985099
2022,4,Sengkang,5491.62867620747
2022,4,Serangoon,5746.17716809022
2022,4,Tampines,5377.251263219741
2022,4,Toa Payoh,6108.429498813177
2022,4,Woodlands,4637.400117903068
2022,4,Yishun,5181.935305474303
2022,5,Ang Mo Kio,5928.78278134611
2022,5,Bedok,5476.641798164974
2022,5,Bishan,6724.686391641917
2022,5,Bukit Batok,5495.704694877369
2022,5,Bukit Merah,7177.054393801379
2022,5,Bukit Panjang,5110.717632999799
2022,5,Bukit Timah,7254.098360655737
2022,5,Central Area,8573.445835009621
2022,5,Choa Chu Kang,4999.005003668208
2022,5,Clementi,6891.229570647961
2022,5,Geylang,6003.499011569178
2022,5,Hougang,5480.1721520074725
2022,5,Jurong East,5119.340938263771
2022,5,Jurong West,5045.795217151495
2022,5,Kallang/Whampoa,7428.048431782127
2022,5,Marine Parade,6185.187487656759
2022,5,Pasir Ris,5023.275724093641
2022,5,Punggol,5828.253070494183
2022,5,Queenstown,7653.314312160582
2022,5,Sembawang,5448.713769695637
2022,5,Sengkang,5551.825082881522
2022,5,Serangoon,5768.60712626726
2022,5,Tampines,5446.648850515761
2022,5,Toa Payoh,6492.284902597912
2022,5,Woodlands,4742.510577658955
2022,5,Yishun,5226.221157143584
2022,6,Ang Mo Kio,6387.300589661238
2022,6,Bedok,5432.982849763423
2022,6,Bishan,6955.543864217145
2022,6,Bukit Batok,5673.2945325603205
2022,6,Bukit Merah,7301.30351991691
2022,6,Bukit Panjang,5260.936610030128
2022,6,Bukit Timah,6315.372268181257
2022,6,Central Area,8233.62496481657
2022,6,Choa Chu Kang,4979.099764125455
2022,6,Clementi,6567.883201457443
2022,6,Geylang,6145.817355407803
2022,6,Hougang,5515.832087710918
2022,6,Jurong East,5130.228058614634
2022,6,Jurong West,4858.093657367878
2022,6,Kallang/Whampoa,7602.722299664885
2022,6,Marine Parade,6282.072316886984
2022,6,Pasir Ris,5225.088874132963
2022,6,Punggol,5832.375995608631
2022,6,Queenstown,7880.932201916153
2022,6,Sembawang,5299.010389600717
2022,6,Sengkang,5654.521720565891
2022,6,Serangoon,5841.294736480551
2022,6,Tampines,5492.028287192503
2022,6,Toa Payoh,6419.107771816915
2022,6,Woodlands,4838.330952350719
2022,6,Yishun,5198.08265906516
2022,7,Ang Mo Kio,6091.842562449947
2022,7,Bedok,5518.737094351707
2022,7,Bishan,6807.970391887056
2022,7,Bukit Batok,5546.981904523129
2022,7,Bukit Merah,6807.574061846364
2022,7,Bukit Panjang,5193.9873248003105
2022,7,Bukit Timah,6882.463111041147
2022,7,Central Area,7537.932834651282
2022,7,Choa Chu Kang,4969.818951495052
2022,7,Clementi,6561.137871560628
2022,7,Geylang,5926.018847810711
2022,7,Hougang,5653.861140331606
2022,7,Jurong East,5188.589358229747
2022,7,Jurong West,4994.621379738525
2022,7,Kallang/Whampoa,7322.592076108248
2022,7,Marine Parade,6665.762527535558
2022,7,Pasir Ris,5129.394304688324
2022,7,Punggol,5923.022585932229
2022,7,Queenstown,7902.616318416678
2022,7,Sembawang,5348.025871904709
2022,7,Sengkang,5717.924565072354
2022,7,Serangoon,5928.952547458944
2022,7,Tampines,5636.721286239084
2022,7,Toa Payoh,6714.697163924407
2022,7,Woodlands,4816.919693288457
2022,7,Yishun,5153.19498466923
2022,8,Ang Mo Kio,5651.034309683762
2022,8,Bedok,5389.1938689349245
2022,8,Bishan,6663.621915317463
2022,8,Bukit Batok,5361.329933960393
2022,8,Bukit Merah,7228.674744072866
2022,8,Bukit Panjang,5211.111031452105
2022,8,Bukit Timah,6321.066348035526
2022,8,Central Area,7836.372137452466
2022,8,Choa Chu Kang,5083.262594256904
2022,8,Clementi,6705.912339626681
2022,8,Geylang,6088.391844709758
2022,8,Hougang,5609.709591635712
2022,8,Jurong East,5047.553324436684
2022,8,Jurong West,4965.894516115303
2022,8,Kallang/Whampoa,7381.611029030401
2022,8,Marine Parade,6617.286550146532
2022,8,Pasir Ris,5226.176956385319
2022,8,Punggol,5903.5668130860195
2022,8,Queenstown,7799.061149826122
2022,8,Sembawang,5600.344571348286
2022,8,Sengkang,5706.671905370006
2022,8,Serangoon,5629.482411639304
2022,8,Tampines,5640.620631905376
2022,8,Toa Payoh,6838.173956578142
2022,8,Woodlands,4995.338365263025
2022,8,Yishun,5220.593814481006
2022,9,Ang Mo Kio,6218.209059945781
2022,9,Bedok,5630.615519629347
2022,9,Bishan,6753.9224055463355
2022,9,Bukit Batok,5684.1840509549065
2022,9,Bukit Merah,7355.474966592856
2022,9,Bukit Panjang,5275.394773875337
2022,9,Bukit Timah,7072.655260960089
2022,9,Central Area,7770.45429423784
2022,9,Choa Chu Kang,5138.3946944220625
2022,9,Clementi,6752.483413636819
2022,9,Geylang,5957.376334193665
2022,9,Hougang,5608.118659745554
2022,9,Jurong East,5106.508374224631
2022,9,Jurong West,5101.316083629227
2022,9,Kallang/Whampoa,7594.738663249476
2022,9,Marine Parade,6223.301731710011
2022,9,Pasir Ris,5237.926981961233
2022,9,Punggol,6021.349749418756
2022,9,Queenstown,8228.409564244037
2022,9,Sembawang,5557.574400406854
2022,9,Sengkang,5835.028736369386
2022,9,Serangoon,5954.6258810212075
2022,9,Tampines,5611.078213476344
2022,9,Toa Payoh,7104.430361748094
2022,9,Woodlands,5085.885018047158
2022,9,Yishun,5286.177190058592
2022,10,Ang Mo Kio,6092.714893946103
2022,10,Bedok,5529.500717639138
2022,10,Bishan,7052.291055756059
2022,10,Bukit Batok,5435.865402315718
2022,10,Bukit Merah,7574.072667931562
2022,10,Bukit Panjang,5340.387245170432
2022,10,Bukit Timah,7536.9393206163695
2022,10,Central Area,9565.529507000016
2022,10,Choa Chu Kang,5037.734942428491
2022,10,Clementi,6732.963965413109
2022,10,Geylang,6315.018119386284
2022,10,Hougang,5530.863670026464
2022,10,Jurong East,5038.049666606036
2022,10,Jurong West,5036.940898074087
2022,10,Kallang/Whampoa,7451.08220233378
2022,10,Marine Parade,6884.641500815358
2022,10,Pasir Ris,5200.8418562895595
2022,10,Punggol,6207.807673943273
2022,10,Queenstown,7654.9134521665555
2022,10,Sembawang,5786.447781015732
2022,10,Sengkang,5736.053569282323
2022,10,Serangoon,6122.718398208142
2022,10,Tampines,5687.695521204378
2022,10,Toa Payoh,6889.722877531056
2022,10,Woodlands,5259.5657819616845
2022,10,Yishun,5370.213194243595
2022,11,Ang Mo Kio,6060.784457971251
2022,11,Bedok,5720.205724246874
2022,11,Bishan,6808.3653889802645
2022,11,Bukit Batok,5831.050685237363
2022,11,Bukit Merah,7327.934954868101
2022,11,Bukit Panjang,5365.395060602041
2022,11,Bukit Timah,7135.9534133057605
2022,11,Central Area,8379.694377270514
2022,11,Choa Chu Kang,5095.438006239477
2022,11,Clementi,6602.689968902192
2022,11,Geylang,6324.158185540515
2022,11,Hougang,5625.644345770965
2022,11,Jurong East,5197.70049315605
2022,11,Jurong West,5125.11697567638
2022,11,Kallang/Whampoa,7302.180613313225
2022,11,Marine Parade,6729.624950237732
2022,11,Pasir Ris,5366.343971305035
2022,11,Punggol,6200.425246974245
2022,11,Queenstown,8069.469598025978
2022,11,Sembawang,5752.705813941591
2022,11,Sengkang,5740.04360125827
2022,11,Serangoon,5992.351839680324
2022,11,Tampines,5727.085218476279
2022,11,Toa Payoh,6488.604490001209
2022,11,Woodlands,5208.698823381755
2022,11,Yishun,5304.121827733981
2022,12,Ang Mo Kio,6624.087227772744
2022,12,Bedok,5606.374506753143
2022,12,Bishan,7083.881938818762
2022,12,Bukit Batok,5712.621905485885
2022,12,Bukit Merah,7337.50794921328
2022,12,Bukit Panjang,5179.830732963613
2022,12,Bukit Timah,7539.1560975609755
2022,12,Central Area,8198.476444881338
2022,12,Choa Chu Kang,5081.262718508401
2022,12,Clementi,6429.480832866933
2022,12,Geylang,5991.608324380294
2022,12,Hougang,5538.30497226976
2022,12,Jurong East,5337.693255778872
2022,12,Jurong West,5111.697349753791
2022,12,Kallang/Whampoa,7110.9161945684045
2022,12,Marine Parade,6399.501710553177
2022,12,Pasir Ris,5509.248564773106
2022,12,Punggol,6245.6908410858805
2022,12,Queenstown,7754.550936928516
2022,12,Sembawang,5735.398746923325
2022,12,Sengkang,5843.160000882972
2022,12,Serangoon,5843.168610930163
2022,12,Tampines,5684.2902356072145
2022,12,Toa Payoh,6485.612502745407
2022,12,Woodlands,5335.164345926332
2022,12,Yishun,5381.471457218855
2023,1,Ang Mo Kio,6414.1835207749855
2023,1,Bedok,5635.148201133097
2023,1,Bishan,6939.406995554431
2023,1,Bukit Batok,6118.01754467622
2023,1,Bukit Merah,7901.6162096918515
2023,1,Bukit Panjang,5500.041929061241
2023,1,Bukit Timah,7295.071366989176
2023,1,Central Area,8362.127883587089
2023,1,Choa Chu Kang,5101.794494224989
2023,1,Clementi,6792.918942355678
2023,1,Geylang,6044.983747542277
2023,1,Hougang,5702.54763855545
2023,1,Jurong East,5147.6781515202365
2023,1,Jurong West,5154.899361030215
2023,1,Kallang/Whampoa,7119.856068245275
2023,1,Marine Parade,6766.09569936436
2023,1,Pasir Ris,5249.946755740086
2023,1,Punggol,6298.896131720278
2023,1,Queenstown,7971.306555010105
2023,1,Sembawang,5762.0320696795625
2023,1,Sengkang,5915.368368065327
2023,1,Serangoon,5975.794567313778
2023,1,Tampines,5705.6160131422985
2023,1,Toa Payoh,6846.0218886313805
2023,1,Woodlands,5208.24318126502
2023,1,Yishun,5390.313762898534
2023,2,Ang Mo Kio,6130.743559059852
2023,2,Bedok,5677.461432788354
2023,2,Bishan,6978.769644406565
2023,2,Bukit Batok,6217.849005390564
2023,2,Bukit Merah,7497.215993737557
2023,2,Bukit Panjang,5365.868370719499
2023,2,Bukit Timah,6969.851648351649
2023,2,Central Area,8319.443066881628
2023,2,Choa Chu Kang,5088.342135245813
2023,2,Clementi,6387.0073721327935
2023,2,Geylang,6148.944106684393
2023,2,Hougang,5594.939958159871
2023,2,Jurong East,5317.905184538601
2023,2,Jurong West,4954.010896303334
2023,2,Kallang/Whampoa,7089.930257441984
2023,2,Marine Parade,6339.044965596865
2023,2,Pasir Ris,5336.023431032949
2023,2,Punggol,6211.798681448844
2023,2,Queenstown,7944.235536866034
2023,2,Sembawang,5823.919956556559
2023,2,Sengkang,5802.80970647307
2023,2,Serangoon,6142.066985606621
2023,2,Tampines,5630.919242576077
2023,2,Toa Payoh,6669.157056145217
2023,2,Woodlands,5163.799709100663
2023,2,Yishun,5538.87697058802
2023,3,Ang Mo Kio,6285.069183880196
2023,3,Bedok,5794.223763252377
2023,3,Bishan,7184.438635517368
2023,3,Bukit Batok,6258.0216835612155
2023,3,Bukit Merah,7919.065535045474
2023,3,Bukit Panjang,5424.15160746668
2023,3,Bukit Timah,7409.842264477096
2023,3,Central Area,8705.693081982878
2023,3,Choa Chu Kang,4945.408573528633
2023,3,Clementi,6983.5908283871
2023,3,Geylang,6212.763676402329
2023,3,Hougang,5663.428956027253
2023,3,Jurong East,5216.220733881079
2023,3,Jurong West,5113.987283433301
2023,3,Kallang/Whampoa,7202.748183046338
2023,3,Marine Parade,6591.965681317307
2023,3,Pasir Ris,5318.8910053131085
2023,3,Punggol,6309.5694612543175
2023,3,Queenstown,8142.166917403282
2023,3,Sembawang,5704.961936755681
2023,3,Sengkang,5956.174362488418
2023,3,Serangoon,6117.223368022314
2023,3,Tampines,5861.377661678781
2023,3,Toa Payoh,6792.099299537208
2023,3,Woodlands,5295.17768178508
2023,3,Yishun,5371.352097459314
2023,4,Ang Mo Kio,6154.068650140744
2023,4,Bedok,5926.9957737219875
2023,4,Bishan,7192.974809335502
2023,4,Bukit Batok,6231.230857986784
2023,4,Bukit Merah,7913.2497936110685
2023,4,Bukit Panjang,5379.068384768204
2023,4,Bukit Timah,7211.216789747962
2023,4,Central Area,9550.34954098798
2023,4,Choa Chu Kang,5016.757380045707
2023,4,Clementi,6833.782430893689
2023,4,Geylang,6355.499820201059
2023,4,Hougang,5698.772390486158
2023,4,Jurong East,5123.139629749245
2023,4,Jurong West,5148.719365749497
2023,4,Kallang/Whampoa,6995.267746115113
2023,4,Marine Parade,6552.354120453104
2023,4,Pasir Ris,5596.624944614101
2023,4,Punggol,6356.369358634479
2023,4,Queenstown,8175.654606825396
2023,4,Sembawang,5872.256963563588
2023,4,Sengkang,6095.709742994978
2023,4,Serangoon,5882.121141790033
2023,4,Tampines,5830.79932328892
2023,4,Toa Payoh,6890.194721909
2023,4,Woodlands,5166.292729809345
2023,4,Yishun,5481.471606574521
2023,5,Ang Mo Kio,6152.028766669525
2023,5,Bedok,6010.788149987596
2023,5,Bishan,6805.813015135895
2023,5,Bukit Batok,6328.3247768489255
2023,5,Bukit Merah,8093.266266442291
2023,5,Bukit Panjang,5531.30296381153
2023,5,Bukit Timah,7309.971191616563
2023,5,Central Area,8692.212507270931
2023,5,Choa Chu Kang,5158.386574749146
2023,5,Clementi,6909.96185156961
2023,5,Geylang,6763.375755863269
2023,5,Hougang,5632.149944487205
2023,5,Jurong East,5298.039532680329
2023,5,Jurong West,5199.052088518961
2023,5,Kallang/Whampoa,7332.787018065593
2023,5,Marine Parade,6690.13564380781
2023,5,Pasir Ris,5419.198100436929
2023,5,Punggol,6417.644568263153
2023,5,Queenstown,8217.470992826184
2023,5,Sembawang,5843.084573047993
2023,5,Sengkang,5935.206290085627
2023,5,Serangoon,5788.297204746048
2023,5,Tampines,5985.252546938686
2023,5,Toa Payoh,6543.644130628561
2023,5,Woodlands,5147.39349184609
2023,5,Yishun,5503.909255736784
2023,6,Ang Mo Kio,6303.388884615528
2023,6,Bedok,5865.378893300167
2023,6,Bishan,7103.7391733068935
2023,6,Bukit Batok,6399.377538922418
2023,6,Bukit Merah,8063.700298065683
2023,6,Bukit Panjang,5349.740355376458
2023,6,Bukit Timah,6969.298245614034
2023,6,Central Area,8529.578391436331
2023,6,Choa Chu Kang,5017.898614319545
2023,6,Clementi,7401.916404696472
2023,6,Geylang,6480.348562667019
2023,6,Hougang,5646.995183391421
2023,6,Jurong East,5500.3886329454235
2023,6,Jurong West,5135.521749907945
2023,6,Kallang/Whampoa,7255.023715164746
2023,6,Marine Parade,6804.185192433346
2023,6,Pasir Ris,5450.3116834886105
2023,6,Punggol,6371.287718612633
2023,6,Queenstown,7561.978225905071
2023,6,Sembawang,5910.255290614893
2023,6,Sengkang,5915.13740458262
2023,6,Serangoon,6051.760685497241
2023,6,Tampines,5871.352210956172
2023,6,Toa Payoh,6956.815913228275
2023,6,Woodlands,5252.16851688054
2023,6,Yishun,5491.737808815771
2023,7,Ang Mo Kio,5932.614663924347
2023,7,Bedok,5958.022307599873
2023,7,Bishan,7338.6658789207895
2023,7,Bukit Batok,6480.003501149007
2023,7,Bukit Merah,8373.75648101037
2023,7,Bukit Panjang,5559.358203065043
2023,7,Bukit Timah,7786.843293692608
2023,7,Central Area,8027.900335399467
2023,7,Choa Chu Kang,5135.959190490065
2023,7,Clementi,6931.626255435771
2023,7,Geylang,6213.582271167559
2023,7,Hougang,5861.03620610365
2023,7,Jurong East,5437.5526153360515
2023,7,Jurong West,5173.093399646001
2023,7,Kallang/Whampoa,7764.341035479595
2023,7,Marine Parade,6460.539157747116
2023,7,Pasir Ris,5743.545991323151
2023,7,Punggol,6386.9833918837985
2023,7,Queenstown,8178.429226712919
2023,7,Sembawang,5968.416980265365
2023,7,Sengkang,5997.277828088146
2023,7,Serangoon,6289.4096182260455
2023,7,Tampines,5709.672178854353
2023,7,Toa Payoh,6647.381873458132
2023,7,Woodlands,5195.52960522119
2023,7,Yishun,5563.610258187415
2023,8,Ang Mo Kio,6190.648646728712
2023,8,Bedok,5802.569665304063
2023,8,Bishan,7523.613617834611
2023,8,Bukit Batok,6253.0662906160715
2023,8,Bukit Merah,8004.771025206956
2023,8,Bukit Panjang,5476.2246901108665
2023,8,Bukit Timah,7911.173481649329
2023,8,Central Area,9574.523927589846
2023,8,Choa Chu Kang,5141.733628307897
2023,8,Clementi,6991.491861619121
2023,8,Geylang,6610.544696696752
2023,8,Hougang,5739.773332269542
2023,8,Jurong East,5510.069519902967
2023,8,Jurong West,5226.236873161537
2023,8,Kallang/Whampoa,7297.983793228331
2023,8,Marine Parade,6804.9100865411965
2023,8,Pasir Ris,5646.711730661165
2023,8,Punggol,6441.992550088502
2023,8,Queenstown,8598.383582097946
2023,8,Sembawang,5996.7713692443185
2023,8,Sengkang,6167.922228033494
2023,8,Serangoon,6302.602920461766
2023,8,Tampines,5815.261104757321
2023,8,Toa Payoh,6521.360105355957
2023,8,Woodlands,5264.487728384061
2023,8,Yishun,5526.7529842491285
2023,9,Ang Mo Kio,6384.622126685677
2023,9,Bedok,6089.6804608115835
2023,9,Bishan,7639.6528639
2023,9,Bukit Batok,6171.621962333211
2023,9,Bukit Merah,8090.100778645118
2023,9,Bukit Panjang,5595.500168387214
2023,9,Bukit Timah,8300.794967572228
2023,9,Central Area,8432.29714504931
2023,9,Choa Chu Kang,5078.559400010419
2023,9,Clementi,7120.257655520204
2023,9,Geylang,6367.007390623598
2023,9,Hougang,5989.552978674094
2023,9,Jurong East,5242.956865923776
2023,9,Jurong West,5228.127560281168
2023,9,Kallang/Whampoa,7024.319010939829
2023,9,Marine Parade,6515.919981657687
2023,9,Pasir Ris,5790.6713094025135
2023,9,Punggol,6539.940619663183
2023,9,Queenstown,7351.678898265707
2023,9,Sembawang,5818.039733436337
2023,9,Sengkang,6030.412405807759
2023,9,Serangoon,6420.387876533205
2023,9,Tampines,5968.699936982397
2023,9,Toa Payoh,7267.211821074019
2023,9,Woodlands,5313.4984610845795
2023,9,Yishun,5562.0318882596
2023,10,Ang Mo Kio,6419.477110981263
2023,10,Bedok,6013.807060524115
2023,10,Bishan,7415.5319277084855
2023,10,Bukit Batok,6214.967330308173
2023,10,Bukit Merah,8115.12925601429
2023,10,Bukit Panjang,5483.778632887331
2023,10,Bukit Timah,7647.815061850718
2023,10,Central Area,8827.241071074648
2023,10,Choa Chu Kang,5137.60457517027
2023,10,Clementi,7249.702167584515
2023,10,Geylang,6511.651145434511
2023,10,Hougang,5958.820731906971
2023,10,Jurong East,5446.718081070503
2023,10,Jurong West,5265.998231719477
2023,10,Kallang/Whampoa,7086.271261800797
2023,10,Marine Parade,6836.3538979295345
2023,10,Pasir Ris,5515.980577085481
2023,10,Punggol,6494.91301885644
2023,10,Queenstown,8179.722328392047
2023,10,Sembawang,5878.616100066477
2023,10,Sengkang,6123.030509439539
2023,10,Serangoon,6471.605742908335
2023,10,Tampines,6019.270524913302
2023,10,Toa Payoh,6458.921477273018
2023,10,Woodlands,5399.015875704109
2023,10,Yishun,5604.93389050566
2023,11,Ang Mo Kio,6177.293037393532
2023,11,Bedok,5942.075281970162
2023,11,Bishan,7370.678508965965
2023,11,Bukit Batok,6208.839377454091
2023,11,Bukit Merah,8001.102259423095
2023,11,Bukit Panjang,5618.954013736098
2023,11,Bukit Timah,7258.298208640675
2023,11,Central Area,7619.092604479385
2023,11,Choa Chu Kang,5171.243884441784
2023,11,Clementi,6740.011766595709
2023,11,Geylang,6091.8347350165395
2023,11,Hougang,6103.003291394361
2023,11,Jurong East,5352.980204438442
2023,11,Jurong West,5252.374051788978
2023,11,Kallang/Whampoa,7697.158501629971
2023,11,Marine Parade,6849.6349535502295
2023,11,Pasir Ris,5792.163813769166
2023,11,Punggol,6430.364754515748
2023,11,Queenstown,8244.913885099566
2023,11,Sembawang,5960.763853588574
2023,11,Sengkang,6065.494284217996
2023,11,Serangoon,6190.4112306512125
2023,11,Tampines,6034.256267876403
2023,11,Toa Payoh,6728.206360254552
2023,11,Woodlands,5430.639273791031
2023,11,Yishun,5605.561381568068
2023,12,Ang Mo Kio,6476.059792622258
2023,12,Bedok,5928.56630086268
2023,12,Bishan,7276.724882120384
2023,12,Bukit Batok,6273.660725708495
2023,12,Bukit Merah,8302.307765624888
2023,12,Bukit Panjang,5559.308789745833
2023,12,Bukit Timah,9175.087955685305
2023,12,Central Area,8610.763077984231
2023,12,Choa Chu Kang,5117.929386063055
2023,12,Clementi,6601.801242400652
2023,12,Geylang,6335.318568621201
2023,12,Hougang,6042.853735270838
2023,12,Jurong East,5317.870206777174
2023,12,Jurong West,5299.4154864885095
2023,12,Kallang/Whampoa,7178.977294013143
2023,12,Marine Parade,6648.388884142977
2023,12,Pasir Ris,5922.36214688804
2023,12,Punggol,6561.284693746996
2023,12,Queenstown,8235.66311287287
2023,12,Sembawang,5924.936458199082
2023,12,Sengkang,6125.254610204629
2023,12,Serangoon,6440.956474576266
2023,12,Tampines,6019.390030837558
2023,12,Toa Payoh,7386.459042464574
2023,12,Woodlands,5411.988437831053
2023,12,Yishun,5930.018651492291
2024,1,Ang Mo Kio,6400.175185584214
2024,1,Bedok,6017.663087857677
2024,1,Bishan,7829.034522396018
2024,1,Bukit Batok,6146.191383223084
2024,1,Bukit Merah,8581.305249210895
2024,1,Bukit Panjang,5573.55217227633
2024,1,Bukit Timah,7993.469439085878
2024,1,Central Area,7749.094871096542
2024,1,Choa Chu Kang,5262.662702167359
2024,1,Clementi,6923.870507108255
2024,1,Geylang,6752.663015257452
2024,1,Hougang,6143.492027932295
2024,1,Jurong East,5236.091154440579
2024,1,Jurong West,5298.9463164566605
2024,1,Kallang/Whampoa,7624.850369500906
2024,1,Marine Parade,6376.071597055124
2024,1,Pasir Ris,5920.824592689453
2024,1,Punggol,6761.286069334597
2024,1,Queenstown,8052.255940526716
2024,1,Sembawang,5927.2072853778045
2024,1,Sengkang,6167.417828006621
2024,1,Serangoon,6639.0200487355905
2024,1,Tampines,6207.1213609499055
2024,1,Toa Payoh,7101.825841959497
2024,1,Woodlands,5505.075594414813
2024,1,Yishun,5758.641537818824
2024,2,Ang Mo Kio,6250.10710291739
2024,2,Bedok,6002.066013640004
2024,2,Bishan,7226.554296803686
2024,2,Bukit Batok,6159.696141437077
2024,2,Bukit Merah,7927.1126388792545
2024,2,Bukit Panjang,5794.025938304577
2024,2,Bukit Timah,7920.300620194573
2024,2,Central Area,8162.898110648038
2024,2,Choa Chu Kang,5151.4660894363815
2024,2,Clementi,7503.446950047298
2024,2,Geylang,6366.813461913627
2024,2,Hougang,5974.388584890845
2024,2,Jurong East,5402.486771421388
2024,2,Jurong West,5300.471293097235
2024,2,Kallang/Whampoa,7300.370204410698
2024,2,Marine Parade,6759.662288930581
2024,2,Pasir Ris,5782.228786952855
2024,2,Punggol,6760.62867211731
2024,2,Queenstown,8281.832672899762
2024,2,Sembawang,6025.799368651535
2024,2,Sengkang,6116.504085898711
2024,2,Serangoon,6600.415361596093
2024,2,Tampines,6321.668593459644
2024,2,Toa Payoh,7208.413701972885
2024,2,Woodlands,5424.062904172208
2024,2,Yishun,5922.536813713042
2024,3,Ang Mo Kio,6324.7111941976
2024,3,Bedok,6071.468626526688
2024,3,Bishan,7608.215243895768
2024,3,Bukit Batok,6301.373619229069
2024,3,Bukit Merah,7893.49700870858
2024,3,Bukit Panjang,5615.364182519217
2024,3,Bukit Timah,6795.337095337095
2024,3,Central Area,8391.12523678297
2024,3,Choa Chu Kang,5200.497008881099
2024,3,Clementi,7013.909888672017
2024,3,Geylang,6424.433072990778
2024,3,Hougang,6198.409828821733
2024,3,Jurong East,5483.286662944459
2024,3,Jurong West,5286.215479292233
2024,3,Kallang/Whampoa,8008.004079951041
2024,3,Marine Parade,6829.754739569375
2024,3,Pasir Ris,5614.510277874256
2024,3,Punggol,6815.5406571430585
2024,3,Queenstown,8026.663405618523
2024,3,Sembawang,5925.071512942232
2024,3,Sengkang,6280.815713400983
2024,3,Serangoon,6413.234755925539
2024,3,Tampines,6448.637167714707
2024,3,Toa Payoh,7163.783196356868
2024,3,Woodlands,5505.881371608993
2024,3,Yishun,5837.757021864752
2024,4,Ang Mo Kio,6656.70323030496
2024,4,Bedok,6159.563231434714
2024,4,Bishan,7680.973872909641
2024,4,Bukit Batok,6190.980101285518
2024,4,Bukit Merah,8251.643817963035
2024,4,Bukit Panjang,5708.047345221645
2024,4,Bukit Timah,7787.827379301784
2024,4,Central Area,8009.837284168544
2024,4,Choa Chu Kang,5157.809076799796
2024,4,Clementi,7132.057091579531
2024,4,Geylang,6289.160359032921
2024,4,Hougang,6172.507777678497
2024,4,Jurong East,5590.0186946710355
2024,4,Jurong West,5278.509884015828
2024,4,Kallang/Whampoa,8048.361686080813
2024,4,Marine Parade,6827.436398638108
2024,4,Pasir Ris,5870.783690191956
2024,4,Punggol,6668.461267152488
2024,4,Queenstown,8136.168771914918
2024,4,Sembawang,6123.252901707342
2024,4,Sengkang,6323.849510278329
2024,4,Serangoon,6373.197510999724
2024,4,Tampines,6461.85598412419
2024,4,Toa Payoh,7301.210458930705
2024,4,Woodlands,5637.751772245301
2024,4,Yishun,5806.943107883234
2024,5,Ang Mo Kio,6336.1127408188695
2024,5,Bedok,6124.001435945337
2024,5,Bishan,7717.0701819425985
2024,5,Bukit Batok,6226.172289955692
2024,5,Bukit Merah,8118.953751829686
2024,5,Bukit Panjang,5949.060812127831
2024,5,Bukit Timah,8259.142496847415
2024,5,Central Area,9699.840705564617
2024,5,Choa Chu Kang,5239.947909682244
2024,5,Clementi,6693.369850320391
2024,5,Geylang,7065.694726675411
2024,5,Hougang,6203.597624484167
2024,5,Jurong East,5441.40737256214
2024,5,Jurong West,5357.737116861282
2024,5,Kallang/Whampoa,7549.113557852941
2024,5,Marine Parade,6712.112258391127
2024,5,Pasir Ris,5989.0383962763535
2024,5,Punggol,6742.972908835321
2024,5,Queenstown,8100.500078344671
2024,5,Sembawang,6105.661487806422
2024,5,Sengkang,6405.062977307031
2024,5,Serangoon,6624.148208866507
2024,5,Tampines,6545.042905183693
2024,5,Toa Payoh,7868.568399081359
2024,5,Woodlands,5619.389178399714
2024,5,Yishun,5923.10187990213
2024,6,Ang Mo Kio,6680.539196285707
2024,6,Bedok,6287.814838072485
2024,6,Bishan,8090.830811299623
2024,6,Bukit Batok,6464.487954071583
2024,6,Bukit Merah,8668.00193708258
2024,6,Bukit Panjang,5903.1440737582225
2024,6,Bukit Timah,8029.631783244846
2024,6,Central Area,8708.961939951923
2024,6,Choa Chu Kang,5424.132167218135
2024,6,Clementi,7132.999182777655
2024,6,Geylang,7708.782225015676
2024,6,Hougang,6261.5373046450195
2024,6,Jurong East,5445.705421925007
2024,6,Jurong West,5400.036624435616
2024,6,Kallang/Whampoa,8369.858194921797
2024,6,Marine Parade,7354.62506476229
2024,6,Pasir Ris,6044.2792327191555
2024,6,Punggol,6851.064539819414
2024,6,Queenstown,7786.975399677738
2024,6,Sembawang,6082.678620613356
2024,6,Sengkang,6537.371816456568
2024,6,Serangoon,6802.4563713254165
2024,6,Tampines,6461.713087865746
2024,6,Toa Payoh,7738.52351071875
2024,6,Woodlands,5709.2894238309345
2024,6,Yishun,6044.955792507649
2024,7,Ang Mo Kio,6598.326606151914
2024,7,Bedok,6335.381163563653
2024,7,Bishan,7764.133915227737
2024,7,Bukit Batok,6446.663840092027
2024,7,Bukit Merah,8591.362916404738
2024,7,Bukit Panjang,5827.393970913198
2024,7,Bukit Timah,7559.70130980059
2024,7,Central Area,8664.197757524456
2024,7,Choa Chu Kang,5348.517341628667
2024,7,Clementi,6886.984274041171
2024,7,Geylang,7764.021627664403
2024,7,Hougang,6472.2160252175845
2024,7,Jurong East,5844.420990247439
2024,7,Jurong West,5410.240870802734
2024,7,Kallang/Whampoa,8126.887543911326
2024,7,Marine Parade,7454.478239843088
2024,7,Pasir Ris,5790.611836494571
2024,7,Punggol,6976.2912382485565
2024,7,Queenstown,8498.336904845073
2024,7,Sembawang,6229.489167798853
2024,7,Sengkang,6555.974628187658
2024,7,Serangoon,6586.104721191412
2024,7,Tampines,6581.2402528504845
2024,7,Toa Payoh,7867.240395311496
2024,7,Woodlands,5690.529556632497
2024,7,Yishun,5912.209358410289
2024,8,Ang Mo Kio,6581.013406361536
2024,8,Bedok,6094.80005392368
2024,8,Bishan,7781.653837669378
2024,8,Bukit Batok,6585.012973234367
2024,8,Bukit Merah,8301.488339029189
2024,8,Bukit Panjang,5990.653112676688
2024,8,Bukit Timah,8267.352782703834
2024,8,Central Area,9435.786875858497
2024,8,Choa Chu Kang,5496.6760968956505
2024,8,Clementi,6908.817166464554
2024,8,Geylang,7744.519893048836
2024,8,Hougang,6351.248076103601
2024,8,Jurong East,5784.174755601736
2024,8,Jurong West,5489.385237188734
2024,8,Kallang/Whampoa,8270.982466384374
2024,8,Marine Parade,6969.345198517941
2024,8,Pasir Ris,5946.345125456934
2024,8,Punggol,6882.6623799467625
2024,8,Queenstown,7842.926661629543
2024,8,Sembawang,6236.903961477333
2024,8,Sengkang,6679.410113077249
2024,8,Serangoon,6769.47734499616
2024,8,Tampines,6473.340269067426
2024,8,Toa Payoh,7280.78817121216
2024,8,Woodlands,5715.579330812841
2024,8,Yishun,5928.337565766355
2024,9,Ang Mo Kio,6949.921175480143
2024,9,Bedok,6466.359332571997
2024,9,Bishan,7647.025395434082
2024,9,Bukit Batok,6306.050316909006
2024,9,Bukit Merah,8378.874513712235
2024,9,Bukit Panjang,5948.691143084873
2024,9,Bukit Timah,7947.691387759881
2024,9,Central Area,10025.424206454514
2024,9,Choa Chu Kang,5546.583114102732
2024,9,Clementi,7061.030207067643
2024,9,Geylang,8002.4893801353
2024,9,Hougang,6503.499063039961
2024,9,Jurong East,5661.414645611369
2024,9,Jurong West,5626.8209029206555
2024,9,Kallang/Whampoa,7991.197203018219
2024,9,Marine Parade,6960.888730801955
2024,9,Pasir Ris,6008.320861094945
2024,9,Punggol,6981.3363634643465
2024,9,Queenstown,8685.792434697803
2024,9,Sembawang,6626.958273459374
2024,9,Sengkang,6685.626009228994
2024,9,Serangoon,6760.203226689416
2024,9,Tampines,6683.7067444192035
2024,9,Toa Payoh,7840.951127522566
2024,9,Woodlands,5756.773381080632
2024,9,Yishun,6019.809344048529
2024,10,Ang Mo Kio,6583.693050979653
2024,10,Bedok,6311.396500000351
2024,10,Bishan,7936.230072795077
2024,10,Bukit Batok,6450.386996006714
2024,10,Bukit Merah,8172.893856801485
2024,10,Bukit Panjang,6207.43196373213
2024,10,Bukit Timah,8524.81001526515
2024,10,Central Area,11280.59030658489
2024,10,Choa Chu Kang,5548.131533930567
2024,10,Clementi,7325.742264884185
2024,10,Geylang,7763.316260699683
2024,10,Hougang,6489.358283807617
2024,10,Jurong East,5963.897680378005
2024,10,Jurong West,5577.672368451965
2024,10,Kallang/Whampoa,8304.847775398604
2024,10,Marine Parade,6705.40328557372
2024,10,Pasir Ris,5960.60798203786
2024,10,Punggol,7021.773520490443
2024,10,Queenstown,8565.412000772592
2024,10,Sembawang,6770.489121976557
2024,10,Sengkang,6874.4644824686075
2024,10,Serangoon,7245.649614387583
2024,10,Tampines,6718.246637596551
2024,10,Toa Payoh,7855.44931513042
2024,10,Woodlands,5763.622491697937
2024,10,Yishun,6235.434857447841
2024,11,Ang Mo Kio,6718.068190405632
2024,11,Bedok,6596.8507913697695
2024,11,Bishan,7968.996990021331
2024,11,Bukit Batok,6493.747127898429
2024,11,Bukit Merah,8349.600525625423
2024,11,Bukit Panjang,5987.914601774598
2024,11,Bukit Timah,7699.040713384975
2024,11,Central Area,10243.760753130498
2024,11,Choa Chu Kang,5667.930102381517
2024,11,Clementi,7871.701994428725
2024,11,Geylang,7809.063466630609
2024,11,Hougang,6527.826961677865
2024,11,Jurong East,5905.863256317384
2024,11,Jurong West,5609.663650714419
2024,11,Kallang/Whampoa,8220.615534123193
2024,11,Marine Parade,7138.418968099296
2024,11,Pasir Ris,6075.701021570965
2024,11,Punggol,7086.394963232582
2024,11,Queenstown,8250.252976968208
2024,11,Sembawang,6555.638941673141
2024,11,Sengkang,6755.948680665089
2024,11,Serangoon,6749.54162470221
2024,11,Tampines,6843.520900399564
2024,11,Toa Payoh,8373.832749938616
2024,11,Woodlands,5691.179595568324
2024,11,Yishun,6066.853980617005
2024,12,Ang Mo Kio,6595.882105825342
2024,12,Bedok,6560.152589028168
2024,12,Bishan,8179.035128942606
2024,12,Bukit Batok,6474.836538860217
2024,12,Bukit Merah,8745.730133368203
2024,12,Bukit Panjang,6118.047195626455
2024,12,Bukit Timah,8614.846153846152
2024,12,Central Area,10869.30796953851
2024,12,Choa Chu Kang,5638.363075722426
2024,12,Clementi,6904.467870560953
2024,12,Geylang,7539.166035155443
2024,12,Hougang,6592.339904256654
2024,12,Jurong East,5852.116119976417
2024,12,Jurong West,5682.4344998029455
2024,12,Kallang/Whampoa,7904.748302076441
2024,12,Marine Parade,7309.878567960511
2024,12,Pasir Ris,6005.20668828796
2024,12,Punggol,7017.513271454435
2024,12,Queenstown,8722.02154439787
2024,12,Sembawang,7001.1889452181185
2024,12,Sengkang,6951.9067826501605
2024,12,Serangoon,6919.511553175313
2024,12,Tampines,7077.231706072899
2024,12,Toa Payoh,8115.376837961816
2024,12,Woodlands,5784.082462306013
2024,12,Yishun,6236.004116784502
2025,1,Ang Mo Kio,6756.259179867379
2025,1,Bedok,6667.4174740221115
2025,1,Bishan,7622.570871809013
2025,1,Bukit Batok,6472.941971736935
2025,1,Bukit Merah,8392.485822115501
2025,1,Bukit Panjang,6203.083217769793
2025,1,Bukit Timah,8677.146634615385
2025,1,Central Area,9957.884866360184
2025,1,Choa Chu Kang,5538.998053176572
2025,1,Clementi,8010.3223906730345
2025,1,Geylang,7370.575481603839
2025,1,Hougang,6491.886377940479
2025,1,Jurong East,5788.593857374562
2025,1,Jurong West,5587.875959207435
2025,1,Kallang/Whampoa,7953.116931776524
2025,1,Marine Parade,7232.145762862386
2025,1,Pasir Ris,6064.719756837852
2025,1,Punggol,7161.861336459338
2025,1,Queenstown,9074.08982845748
2025,1,Sembawang,6778.620200072374
2025,1,Sengkang,6923.975184490397
2025,1,Serangoon,6952.159653580749
2025,1,Tampines,7121.261760686343
2025,1,Toa Payoh,8521.054103743534
2025,1,Woodlands,5899.465254942808
2025,1,Yishun,6126.176275240463
2025,2,Ang Mo Kio,6330.924616050184
2025,2,Bedok,6771.870734242462
2025,2,Bishan,7865.770704002113
2025,2,Bukit Batok,7410.445072113132
2025,2,Bukit Merah,8615.290454302632
2025,2,Bukit Panjang,5995.37037037037
2025,2,Choa Chu Kang,5549.539655964056
2025,2,Clementi,5365.8536585365855
2025,2,Geylang,8638.446232151398
2025,2,Hougang,6338.904595311535
2025,2,Jurong East,5518.83331295096
2025,2,Jurong West,5438.205891532384
2025,2,Kallang/Whampoa,7793.869576842238
2025,2,Pasir Ris,6341.463414634146
2025,2,Punggol,7455.277134871116
2025,2,Queenstown,8640.723147237168
2025,2,Sembawang,7074.50123594242
2025,2,Sengkang,7540.407790648061
2025,2,Serangoon,7635.353181206146
2025,2,Tampines,7000.1904321372585
2025,2,Toa Payoh,8514.032983965906
2025,2,Woodlands,6614.817618955436
2025,2,Yishun,6330.616975467046
